метка,группа,id,sub_source,макс_откл,профиль,all_крупный,all_мелкий,all_средний
T01,аутлаер,95281763-8ca8-4f26-89bf-ee86ce9cf186,wiki_csai,46.6,+0+,46.6,1.4,26.9
T02,аутлаер,f6df49d3-b2e2-4a17-9d5c-8815093c4f37,reddit_eli5,43.5,0+0,6.2,43.5,15.7
T03,обычный,3a82f8b8-1ea8-43f7-b0ce-870b433bea3d,peerread,3.8,000,2.4,-3.8,3.2
T04,обычный,a5d5e528-7555-43e1-8b21-077dc63d6ceb,finance,3.1,000,-1.4,0.7,-3.1
T05,аутлаер,ea87d129-2753-4ce0-8caa-3337977133bc,imdb,41.3,+++,41.3,27.2,34.6
T06,аутлаер,1982eb2d-a8b0-41db-9018-d93a491473d6,wikipedia,42.4,0−0,-10.0,-42.4,-14.9
T07,аутлаер,1346368b-5923-4c1e-b937-6a96226c4c0d,wiki_csai,42.2,−−−,-28.1,-42.2,-38.3
T08,аутлаер,01733de3-1666-44f0-84b8-5ec06df2be6e,reddit_eli5,40.8,−0−,-40.8,-15.6,-36.4
T09,аутлаер,bc13e036-9a5e-4fff-a292-cd4856146993,cnn,40.7,0−−,-2.7,-40.7,-27.0
T10,аутлаер,c0cd482c-0ad7-4ea7-9e7b-1759ba0b7954,xsum,43.4,0−−,-14.4,-43.4,-33.9
T11,обычный,ddf43a2b-ee32-4776-b9aa-229ac4e57e99,finance,2.4,000,2.4,2.2,-0.4
T12,обычный,3b398169-a3ae-4c16-8a44-c3fe207c5928,wiki_csai,3.6,000,-2.8,1.6,3.6
T13,обычный,62816708-44ee-4736-8016-c73bcb5e35ad,finance,1.1,000,0.8,-1.1,-0.9
T14,обычный,34b83401-b727-448a-893d-9d788a84dc6a,arxiv,2.3,000,2.3,-2.2,1.5
T15,аутлаер,03754b30-6141-4b05-90d4-b135668df4f5,wiki_csai,40.5,0−−,2.3,-40.5,-26.2
T16,обычный,ac4f2a86-7ce6-497b-a4c8-c6a40cb86f29,cmv,2.0,000,2.0,-1.9,-0.3
T17,обычный,d5873f7b-6dfa-4c5a-bf8e-e744b0b6553e,peerread,2.9,000,2.9,2.0,1.3
T18,аутлаер,04eb9a16-b4cc-45eb-ad9c-aaeec3aae2d5,cmv,41.1,+0+,41.1,1.6,20.4
T19,обычный,139bb5ff-d90f-49bf-b77e-8f637a2421e4,eli5,3.6,000,-3.6,1.2,-0.2
T20,обычный,ad334fd5-5f5b-4364-96ec-836b6f4955b9,reddit,1.4,000,-1.1,1.4,0.8
