перт,long_len,spread_gap,radius,eff_dim,d крупный,швы,hapax,смысл.
burst_alternate,0.002,-0.038,-0.002,1.135,4.172,-1.62,1.75,-0.25
burst_flatten,0.003,0.017,-0.001,1.419,2.78,-2.0,-0.13,1.25
drop_sentence_boundaries,-0.001,-0.244,0.003,1.864,0.216,-0.5,0.12,4.88
loop_phrase,-0.096,7.397,0.02,-24.735,-49.753,8.12,-7.38,-5.5
add_punctuation,-0.012,-0.113,-0.013,0.248,-0.45,6.5,-4.13,-1.5
strip_punctuation,0.005,-0.385,0.012,5.454,2.034,-5.62,-3.5,15.75
add_digits,-0.014,-0.141,-0.021,0.869,-21.156,14.0,-1.25,-6.5
strip_digits,-0.006,-0.139,0.005,0.645,-0.197,0.5,-3.25,7.0
capitalize_terms,-0.001,-0.252,-0.005,-0.419,2.861,-0.88,4.0,-7.62
lowercase,0.002,0.007,-0.003,0.584,2.441,1.88,-3.38,-5.12
to_numbered_list,0.008,0.192,-0.011,-0.738,-4.476,7.62,3.5,-7.38
drop_function_words,-0.011,-0.24,-0.013,2.841,-12.879,1.38,1.5,0.25
shuffle_words,-0.021,-0.609,-0.021,2.85,-14.407,8.25,-3.88,-4.12
shuffle_within_sentences,-0.016,-0.602,-0.018,2.49,-13.518,9.88,-3.75,-4.75
add_typos,-0.002,-0.163,0.0,1.586,-1.314,-0.38,-0.25,3.0
style_news_telegraphic,-0.029,0.405,-0.008,-3.865,-15.315,-2.0,0.0,4.5
style_simplified,-0.029,0.499,0.005,-4.095,-12.769,-2.75,-6.62,11.88
style_news_dates_suffixes,0.002,-0.181,-0.004,5.463,3.609,-0.63,1.62,3.5
style_dialogue_interjections,-0.027,0.503,-0.016,-2.785,-22.414,4.5,-9.25,2.5
style_literary,-0.003,-0.302,-0.006,7.186,9.45,-3.0,7.75,7.12
style_bulletin_abbreviations,-0.035,-0.006,-0.034,-0.3,-15.634,2.38,5.38,-9.12
style_scientific_terms,-0.009,-0.074,0.001,2.745,3.895,-3.12,-6.5,7.5
ideas_up_v2,-0.005,-0.12,0.002,3.306,2.368,-3.25,9.75,9.0
ideas_down_v2,-0.045,0.833,0.019,-6.932,-21.437,-3.68,-19.21,13.16
topics_up_v2,-0.001,-0.47,0.002,8.061,6.988,-5.15,15.15,8.97
topics_down_v2,-0.009,0.111,0.007,-4.042,1.727,-1.84,0.92,9.61
lexical_diversity_up_s,0.002,-0.196,-0.007,3.966,3.193,-2.38,4.12,-1.88
lexical_diversity_down_s,-0.003,0.06,0.005,-0.666,2.49,-0.92,-5.53,5.92
words_rare_s,0.002,-0.045,0.003,0.767,3.596,-2.0,1.75,-1.87
words_common_s,-0.007,0.037,-0.003,-0.068,-2.863,4.38,-7.75,0.75
loop_local_1,-0.006,1.269,0.005,-0.405,6.16,0.25,-63.75,5.62
loop_local_3,-0.004,5.9,0.018,-6.131,8.894,0.0,-64.5,5.12
loop_tail_word,-0.075,32.01,0.004,-22.874,-9.37,2.12,1.87,-1.13
loop_tail_short,-0.099,16.337,0.017,-26.705,-23.665,4.0,-1.0,-0.13
loop_tail_mid,-0.071,29.704,0.038,-29.049,-20.563,4.88,7.12,-0.0
loop_tail_early,-0.079,39.934,0.002,-29.71,-36.534,7.62,1.87,-3.12
loop_tail_drift,-0.043,5.031,0.015,-12.37,-29.41,1.75,-25.38,1.12
collapse_vocab_60,-0.025,-0.156,-0.013,-7.806,-16.925,11.25,-27.88,-10.88
collapse_vocab_25,-0.032,-0.133,-0.03,-13.236,-26.906,20.75,-33.12,-19.75
collapse_vocab_10,-0.035,-0.017,-0.046,-19.191,-32.607,22.25,-28.5,-24.38
ngram_2,-0.006,-0.589,-0.035,8.295,-8.617,11.25,14.5,-8.88
ngram_3,-0.007,-0.419,-0.028,6.758,-3.401,8.62,15.0,-6.25
ngram_4,-0.003,-0.372,-0.017,4.93,1.613,7.25,7.88,-3.0
expand_vocab_100,-0.01,-0.53,-0.042,4.164,-20.402,16.75,6.88,-14.75
expand_vocab_50,-0.008,-0.435,-0.035,3.978,-18.872,11.88,2.75,-8.25
hapax_swap_wide,-0.014,-0.288,-0.026,-2.494,-20.12,12.12,-14.12,-11.0
hapax_swap_wide_50,-0.012,-0.273,-0.014,-0.758,-13.901,8.12,-11.5,-4.12
hapax_swap_local,-0.019,-0.304,-0.023,-1.81,-20.542,11.12,-16.25,-8.5
rarify_types,-0.015,-0.38,-0.034,-1.06,-18.931,11.62,-7.88,-14.75
rarify_types_50,-0.016,-0.31,-0.026,-0.575,-15.799,10.38,-8.75,-8.62
commonize_types,-0.023,-0.365,-0.035,2.6,-25.739,16.62,-9.25,-10.5
marker_p3,0.003,0.121,-0.005,-21.918,0.788,4.5,0.0,0.87
marker_p6,-0.001,0.043,-0.004,-12.29,1.311,4.38,-4.0,1.0
marker_p12,-0.003,-0.11,-0.003,-3.252,1.042,4.12,-4.25,-0.5
echo_p25,-0.008,0.492,0.004,-0.839,1.265,-0.12,-21.5,1.38
echo_p50,-0.009,0.762,0.004,-0.566,4.291,1.25,-36.75,4.25
literary_echo25,-0.001,0.281,0.001,5.446,12.629,-4.75,-13.38,10.12
literary_echo50,-0.002,0.532,0.003,6.247,17.714,-6.0,-34.12,13.0
ideas_up_hard,-0.003,-0.135,-0.001,4.347,-1.48,-2.0,5.62,6.88
topics_up_hard,-0.005,-0.6,-0.003,11.792,7.715,-4.38,16.88,9.79
lexical_diversity_up_hard,0.002,-0.279,-0.005,5.143,2.036,-0.12,2.5,3.62
syntax_simple,-0.018,0.411,0.008,-4.433,-5.894,-2.75,-3.38,10.0
syntax_complex,0.002,-0.207,0.002,3.881,3.75,0.37,-0.25,8.75
syntax_monotone,-0.028,0.377,0.005,-2.703,-18.511,-5.94,-1.88,16.56
syntax_varied,-0.003,-0.165,-0.001,1.195,3.967,-0.13,-0.79,3.29
context_locked,-0.016,0.595,0.003,-6.538,-1.555,-0.13,-9.34,0.26
terms_long,-0.011,0.058,0.013,-2.479,-0.528,-3.29,-7.5,8.55
style_record_fields,-0.032,1.21,-0.012,-12.675,-19.761,-3.5,-17.5,-5.38
style_anaphora,-0.042,1.938,0.013,-14.62,-23.551,-1.75,1.37,13.88
style_catechism,-0.024,1.439,0.011,-7.936,-6.888,-4.25,-24.88,12.88
style_code,-0.019,0.728,-0.05,-9.209,-9.685,5.5,-20.12,-29.75
style_equations,-0.039,0.712,-0.04,-8.311,-17.684,20.0,-15.38,-18.12
style_literary_apiyi,0.005,-0.345,-0.007,7.997,11.854,-2.25,6.0,4.5
