perturbation,ttr,hapax,top1_share,top10_share,word_entropy,zipf_slope,content_ratio,content_ttr,bigram_repeat,trigram_repeat,mean_word_len,long_word_rate,mean_sent_len,sd_sent_len,sent_len_burst,n_sents_per_100w,subordinator_rate,function_rate,connective_rate,hedge_rate,pron12_rate,comma_rate,punct_rate,quote_rate,paren_rate,dash_rate,digit_rate,upper_rate,linebreak_per_100w,bullet_rate,md_heading_rate,question_rate,exclaim_rate,mean_log_rank,rare_word_rate,bigram_oov,n
syntax/burst_1to4,0.0,0.0,0.0,0.0,0.0,0.0,0.0,0.0,0.0,0.0,0.0,0.0,25.3259,21.0421,0.1564,-2.8333,0.0,0.0,0.0,0.0,0.0,0.0049,-0.0004,0.0,0.0,0.0,0.0,-0.0045,-0.6023,-0.0379,0.0,-0.0227,-0.0149,0.0,0.0,0.0,120
syntax/no_sent_bounds,0.0,0.0,0.0,0.0,0.0,0.0,0.0,0.0,0.0,0.0,0.0,0.0,198.5192,,,-4.7008,0.0,0.0,0.0,0.0,0.0,0.0001,-0.0085,0.0001,0.0001,0.0,0.0,0.0004,-1.4508,-0.0871,0.0,0.0652,0.042,0.0,0.0,0.0,120
loop/phrase12w_x4,-0.3692,-0.274,0.0486,0.4347,-1.4624,-0.6089,-0.0031,-0.5076,0.6401,0.6781,0.0264,0.0043,37.168,9.4478,-0.1164,0.0568,-0.005,0.0031,-0.0007,-0.0006,0.0019,0.0001,-0.0005,-0.0002,-0.0004,0.0002,-0.0004,0.0017,-1.4508,0.0417,-0.0114,-0.0077,-0.0119,0.0185,0.0069,0.056,120
surface/punct_add,0.0,0.0,0.0,0.0,0.0,0.0,0.0,0.0,0.0,0.0,0.0,0.0,0.0,0.0,0.0,0.0,0.0,0.0,0.0,0.0,0.0,0.0181,0.0241,-0.0001,-0.0001,-0.0,-0.0001,-0.0005,-1.4508,-0.0189,0.0,-0.0003,-0.0023,0.0,0.0,0.0,120
surface/punct_strip,-0.0049,-0.0067,-0.0005,0.0012,-0.0088,-0.0054,-0.0025,-0.0059,0.003,0.0005,-0.0659,-0.0029,198.5192,,,-4.7008,-0.0001,0.0025,0.0,-0.0002,0.0023,-0.0082,-0.0186,-0.0041,-0.0026,-0.0017,0.0001,0.0007,-1.4508,-0.1212,-0.0114,-0.0431,-0.0247,-0.02,-0.0036,0.0237,120
surface/digits_add,-0.0009,-0.0045,-0.0012,-0.005,0.0064,0.0004,0.0097,-0.0107,-0.0003,-0.0021,-0.0023,-0.0039,0.5052,0.3557,0.0025,-0.125,-0.0006,-0.0097,0.0,-0.0002,-0.0008,-0.0007,-0.0016,-0.0003,0.0118,-0.0001,0.0391,-0.0018,-1.4508,-0.0227,0.0,-0.0009,-0.0033,0.0467,-0.0028,0.0304,120
surface/caps_terms,0.0,0.0,0.0,0.0,0.0,0.0,0.0,0.0,0.0,0.0,0.0,0.0,0.0,0.0,0.0,0.0,0.0,0.0,0.0,0.0,0.0,0.0,0.0,0.0,0.0,0.0,0.0,0.073,-1.4508,-0.0341,0.0,0.0,0.0,0.0,0.0,0.0,120
surface/lowercase,0.0,0.0,0.0,0.0,0.0,0.0,0.0,0.0,0.0,0.0,0.0,0.0,0.0,0.0,0.0,0.0,0.0,0.0,0.0,0.0,0.0,0.0,0.0,0.0,0.0,0.0,0.0,-0.023,0.0,0.0227,0.0,0.0,0.0,0.0,0.0,0.0,120
surface/numbered_list,0.0,0.0,0.0,0.0,0.0,0.0,0.0,0.0,0.0,0.0,0.0,0.0,0.0,0.0,0.0,0.0,0.0,0.0,0.0,0.0,0.0,-0.0001,0.0043,-0.0,-0.0,-0.0,0.0046,-0.0003,1.8939,5.2614,0.0,-0.0003,-0.001,0.0,0.0,0.0,120
syntax/drop_funcwords,0.0864,0.0834,-0.022,-0.0723,0.2398,0.1018,0.1707,-0.025,-0.0278,-0.0109,0.6114,0.0423,-4.3949,-2.5368,-0.0093,1.1607,-0.0044,-0.1707,0.0006,0.0014,0.0078,0.0009,0.0023,0.0004,0.0003,0.0003,0.0006,0.0032,-1.4508,-0.0376,0.0,-0.0048,0.0035,0.9142,0.0298,0.2175,120
shuffle/words,0.0172,0.0245,-0.0012,-0.0057,0.0351,0.0171,-0.0,0.0233,-0.0657,-0.0235,-0.0153,-0.0016,0.1947,5.7862,0.2685,0.2083,-0.0005,0.0,-0.0004,-0.0002,0.0003,0.0,0.0008,0.0005,0.0001,-0.0,0.0,0.0,-1.4508,-0.1023,0.0,0.0077,0.0083,-0.0125,0.0006,0.7012,120
surface/typos,0.0123,0.0177,-0.0001,-0.0028,0.0236,0.0125,0.0029,0.0184,-0.0063,-0.0034,-0.0014,0.0008,0.0487,0.0725,0.0013,-0.0189,-0.0012,-0.0029,-0.0001,-0.0002,-0.0001,0.0,0.0,-0.0,0.0,0.0,-0.0,-0.0,-1.4508,-0.0341,0.0,0.0004,0.0,-0.0463,-0.0008,0.0553,120
style/telegraphic,0.0673,0.077,-0.0154,-0.0451,0.17,0.0773,0.2052,-0.0571,-0.0181,-0.0087,1.2803,0.1408,-13.3164,-8.6218,-0.1665,7.5253,-0.0183,-0.2052,-0.002,0.0001,-0.0284,-0.0038,0.0032,-0.0025,-0.0022,0.0001,-0.0006,0.0051,3.4722,-0.0253,0.0,-0.0455,-0.0442,1.3563,0.0537,0.6507,36
style/simplified,-0.0766,-0.097,0.0014,0.0326,-0.1686,-0.0813,-0.0145,-0.102,0.0439,0.0161,-0.2568,-0.0485,-14.4289,-9.227,-0.1885,9.2424,-0.0114,0.0145,-0.0019,0.0011,0.0105,-0.008,0.0069,-0.0042,-0.0023,-0.0014,-0.0037,0.0132,-0.2146,-0.0253,0.0,-0.0276,-0.0412,-0.1917,-0.0479,0.3026,36
style/news_dates,0.0566,0.0935,0.0281,0.0127,0.0246,0.0825,0.0854,0.0604,-0.0259,-0.0172,1.7695,0.2442,2.7854,-1.7154,-0.1294,-0.5651,-0.0149,-0.0854,0.0004,-0.0023,-0.03,-0.0031,-0.0075,-0.0024,-0.0013,0.0011,0.0017,-0.0083,-0.8354,0.0,0.0,-0.0287,-0.0379,0.6658,0.0849,0.6089,37
style/dialogue_interj,0.0086,-0.0069,-0.0147,-0.0323,0.0681,0.0127,0.0348,-0.0289,-0.0202,-0.0164,-0.201,-0.0349,-2.2148,1.7406,0.1262,1.3268,-0.0011,-0.0348,-0.0016,-0.0015,0.0253,0.013,0.017,0.0105,-0.0022,0.001,-0.0034,0.0038,8.1941,-0.0246,0.0,0.5132,0.0597,0.0174,-0.0291,0.2499,37
style/literary,0.1127,0.1532,-0.0042,-0.0412,0.2304,0.1269,0.0674,0.1034,-0.0537,-0.0222,0.8937,0.1064,2.3031,-1.0722,-0.099,-0.5651,0.0015,-0.0674,0.0006,0.0015,-0.0047,0.0013,-0.0016,-0.0024,-0.0021,0.0016,-0.0043,-0.0087,-0.0614,-0.0246,0.0,-0.0127,-0.0405,0.55,0.0653,0.5743,37
style/bulletin_abbrev,0.1018,0.1182,-0.0181,-0.0615,0.2439,0.1141,0.1393,0.036,-0.0402,-0.0158,0.5183,0.0823,-3.5102,-2.5567,-0.0269,1.2753,-0.0097,-0.1393,0.0005,-0.001,-0.0148,-0.0012,0.0001,-0.0017,0.0204,0.0006,-0.0001,0.0502,-0.2652,0.1263,0.0,-0.01,-0.0135,0.8893,0.0661,0.4473,36
style/scientific_terms,0.0422,0.0481,-0.0013,-0.0238,0.0994,0.0488,0.1001,-0.0103,0.0044,0.0055,1.4119,0.2057,1.4713,-1.1337,-0.0809,-0.3476,-0.0056,-0.1001,0.0021,-0.0012,-0.0147,-0.002,-0.0054,-0.0029,0.0035,0.0004,-0.0015,0.0029,-1.4973,0.0,0.0,-0.0124,-0.0431,0.8487,0.0907,0.5852,34
deplete/ideas_down,-0.0766,-0.0905,0.0069,0.0471,-0.2181,-0.0807,0.0784,-0.1327,0.0657,0.026,1.0822,0.1307,-3.6542,-7.9145,-0.3216,1.0952,0.0086,-0.0784,-0.0019,-0.0036,-0.0102,-0.0053,-0.0069,-0.0024,-0.0024,-0.0004,-0.0047,-0.0088,-1.1841,-0.107,-0.0115,-0.0409,-0.0237,0.5196,0.0308,0.6085,119
enrich/lexdiv_up,0.1129,0.1378,-0.0145,-0.0611,0.2573,0.1276,0.0754,0.0922,-0.0434,-0.0145,0.9521,0.1264,-2.223,-1.8645,-0.0278,0.536,-0.0011,-0.0754,0.0009,0.0011,-0.003,-0.0005,-0.0012,-0.0,-0.0002,0.0003,-0.001,-0.0023,0.505,0.0038,0.0,-0.0004,0.0003,0.6791,0.069,0.4149,119
deplete/lexdiv_down,-0.0303,-0.0316,0.0105,0.0366,-0.1599,-0.0373,0.0038,-0.0568,0.0272,0.0118,0.0296,0.0019,-0.1965,-0.9403,-0.0366,0.0351,-0.0002,-0.0038,-0.0,-0.0005,0.0001,-0.0006,-0.0011,-0.0003,-0.0004,-0.0,-0.0003,-0.0003,-0.2066,0.0039,0.0,0.0003,-0.0023,-0.0153,-0.0089,0.0872,116
rarity/rare_words,0.0181,0.0226,-0.0009,-0.006,0.0217,0.0205,0.019,0.0117,-0.0033,-0.0012,0.9059,0.141,-0.5864,-0.793,-0.0118,0.1186,-0.0011,-0.019,0.0009,0.0002,-0.0002,-0.0011,-0.0025,-0.0004,-0.0002,-0.0002,-0.0012,-0.0027,0.0636,0.0,0.0,-0.0018,-0.0025,0.2596,0.0772,0.3798,119
rarity/common_words,-0.0092,-0.0169,-0.0016,-0.0002,-0.0109,-0.0083,0.0005,-0.016,0.0049,0.0033,-0.2143,-0.0403,0.6619,-0.1332,-0.0199,-0.1833,0.0006,-0.0005,-0.0003,-0.0004,-0.0014,-0.0,-0.0004,0.0001,-0.0003,0.0003,-0.0003,-0.0001,-0.084,-0.0153,0.0,0.001,-0.0022,-0.173,-0.0376,0.1365,119
loop/echo6w_x2,-0.2365,-0.4069,0.0012,0.0339,-0.4061,0.0876,0.0037,-0.3374,0.3588,0.3146,-0.0003,0.0019,0.035,8.7433,0.4094,0.072,-0.0003,-0.0037,-0.0002,-0.0001,-0.0011,-0.0,0.0,0.0005,0.0001,-0.0002,0.0001,0.0027,-1.4508,-0.0492,0.0038,0.0074,-0.001,0.0076,-0.0009,0.0596,120
loop/echo6w_x4,-0.3774,-0.4073,0.0086,0.0898,-0.8612,0.1563,0.0089,-0.5238,0.6274,0.6402,0.023,0.0073,2.405,19.2857,0.7644,-0.1174,-0.0008,-0.0089,-0.0001,-0.0002,-0.0009,-0.0001,-0.0007,0.0003,0.0,-0.0001,-0.0,0.0042,-1.4508,-0.0379,-0.0114,-0.0049,-0.0094,0.0465,0.0028,0.0887,120
loop/tail_keep60_unit1w,-0.0293,-0.0196,0.0435,0.0466,-0.179,-0.0205,0.0149,-0.0536,0.0577,0.0618,0.0557,0.0066,1.4782,1.411,0.0366,-0.1088,-0.0,-0.0149,-0.0001,-0.0004,-0.0003,0.0001,-0.0007,-0.0004,0.0003,0.0,0.0011,-0.0019,-1.4508,-0.072,-0.0038,-0.0,-0.0072,0.0843,0.0073,0.2513,120
loop/tail_keep60_unit3w,-0.0316,-0.0231,0.0092,0.043,-0.1327,-0.0356,0.0043,-0.0484,0.0609,0.0651,0.0265,0.0022,1.0893,1.3977,0.0541,0.1077,0.0019,-0.0043,-0.0001,0.0001,-0.0009,-0.0005,-0.0009,-0.0004,0.0001,0.0003,0.0007,-0.0008,-1.4508,-0.072,-0.0038,-0.0002,-0.0072,0.0222,0.0011,0.0944,120
loop/tail_keep40_unit3w,-0.1251,-0.0847,0.059,0.1872,-0.6605,-0.1232,-0.0077,-0.1643,0.2338,0.2525,0.0069,0.0052,5.0536,9.887,0.2986,0.2962,-0.0005,0.0077,-0.0005,-0.0011,0.0001,0.0003,0.0011,0.0007,0.0008,0.0,0.0007,0.0037,-1.4508,-0.0833,-0.0038,-0.0044,-0.0053,0.0183,0.0083,0.1498,120
loop/tail_keep20_unit3w,-0.2992,-0.203,0.1581,0.4314,-1.7741,-0.304,0.0244,-0.4111,0.5326,0.5742,0.0225,0.0004,21.8434,32.9747,0.5446,1.3761,0.0128,-0.0244,0.0015,-0.0024,0.0023,-0.0002,0.002,-0.0003,-0.0008,-0.0002,0.0015,0.0016,-1.4508,-0.1023,-0.0114,-0.0066,-0.012,0.0142,-0.0146,0.1861,120
loop/tail_keep40_unit3w_drift,-0.129,-0.1184,0.0107,0.0987,-0.3822,-0.1684,0.0025,-0.1834,0.2004,0.179,0.0127,0.0032,2.1847,6.8203,0.2615,0.0497,0.0013,-0.0025,0.0006,0.0,-0.0014,0.0003,0.0004,0.0004,0.0003,-0.0001,0.0008,0.0026,-1.4508,-0.053,-0.0038,0.0043,-0.0046,0.0333,0.0033,0.1476,120
vocab/top60,-0.1701,-0.1943,0.0048,0.0864,-0.4144,-0.1879,0.0009,-0.2756,0.031,0.0035,-0.0055,0.0013,-0.0291,-0.0858,-0.0029,0.0152,0.0058,-0.0009,-0.0008,-0.0007,-0.0003,0.0,0.0,0.0,0.0,0.0,0.004,-0.0035,-1.4508,-0.0341,0.0,-0.0001,0.0,-0.0931,-0.0118,0.3057,120
vocab/top25,-0.3027,-0.3037,0.03,0.2367,-0.9178,-0.3693,-0.0065,-0.4877,0.1035,0.0126,-0.0392,-0.0025,-0.0076,-0.089,-0.004,0.0038,0.0074,0.0065,0.0006,0.0014,-0.0006,0.0001,0.0001,0.0,0.0,0.0,0.0015,-0.0059,-1.4508,-0.0341,0.0,0.0,0.0,-0.1869,-0.0329,0.4434,120
vocab/top10,-0.3641,-0.3236,0.093,0.3781,-1.372,-0.5397,-0.01,-0.5823,0.2275,0.041,-0.1205,-0.0162,-0.0009,-0.0257,-0.0007,-0.0,0.003,0.01,-0.0014,0.0005,-0.001,0.0002,0.0004,0.0001,0.0,0.0,-0.0007,-0.0079,-1.4508,-0.0417,0.0,0.0,0.0,-0.2435,-0.0614,0.5153,120
ngram/n2,0.1558,0.2181,-0.0091,-0.0556,0.317,0.1793,0.0068,0.2029,-0.0692,-0.0233,-0.0297,-0.0041,-1.5665,4.1716,0.2562,0.2348,-0.0035,-0.0068,-0.0003,-0.0004,0.0033,0.0,0.0004,0.0008,0.0009,-0.0001,0.0018,0.0045,-1.4508,0.0265,-0.0114,0.0026,-0.0004,0.0594,0.0073,0.0176,120
ngram/n4,0.0987,0.1309,-0.0078,-0.0388,0.2124,0.1101,0.0013,0.1331,-0.0428,-0.0092,-0.0478,-0.0064,-1.9165,0.6759,0.089,0.2386,-0.0016,-0.0013,-0.0009,0.0002,0.003,0.0005,0.0009,0.0005,0.0005,0.0002,0.0021,0.0028,-1.4508,-0.0,-0.0076,-0.005,0.0085,0.0016,0.0019,0.0017,120
enrich/topics_up_hard,0.1742,0.2387,-0.0046,-0.0386,0.0907,0.1992,0.0858,0.1609,-0.0567,-0.0182,0.9452,0.1222,-2.1523,-5.0037,-0.199,0.2531,-0.0007,-0.0858,-0.001,0.0007,-0.0149,-0.0014,-0.004,-0.002,-0.0017,-0.0006,-0.0024,-0.004,-0.935,-0.1163,-0.0039,-0.0237,-0.0146,0.4628,0.0494,0.4218,117
