id,группа,model,sub_source,loss,q_loss,web,q_web,dup,q_dup,chars,q_chars,cut,q_cut,nature,human,damage,verdict,why,плохие цитаты,откл_крупный,откл_мелкий,откл_средний,кластер,профиль10,профиль20
36075dec-be85-4afb-8234-7fc06d8bc32b,базовые,gpt_j,sci_gen,0,,0,,0,,0,,0,,2,0,0,keep,"The document is completely intact, clean academic prose with no pipeline damage present.",,56.28946988780276,46.251128412662425,71.90530825080033,2.0,+++,+++
e8ff775b-03bc-4776-bf30-7c43534d77aa,базовые,opt_2.7b,wp,0,,0,,0,,0,,2,,1,2,1,keep,"The story is incomplete and cuts off mid-sentence at the very end, but the text itself is entirely undamaged.",cut: нет цитаты,34.09384453323598,43.324532087692475,55.80815519255638,2.0,+++,+++
2b003e79-4b0d-40dc-a102-cead3b68a875,базовые,bloom_7b,eli5,0,,0,,0,,1,"Also , what if I asked you",0,,1,1,1,keep,The document is virtually intact with only a minor tokenization spacing defect before a comma.,,30.286656095096333,41.44682830808851,49.70223425985558,2.0,+++,+++
92454900-5715-4036-bcbc-bd585f825611,базовые,opt_2.7b,sci_gen,0,,0,,0,,0,,0,,1,0,0,keep,The text is undamaged and completely intact.,,48.96999361117821,50.97351677731507,75.72908937557096,2.0,+++,+++
dc38b9dc-95c4-4b28-8a79-e2315c4f593c,базовые,gpt_j,tldr,1,"""please check out the list below.""",0,,0,,0,,0,,1,1,1,keep,The document is intact except for a minor point to a missing list at the end.,,28.308725150365127,44.813452726133946,47.92527869218747,2.0,+++,+++
9ab236f7-1dc1-4ff6-817e-09ba7b8c991e,базовые,opt_30b,wp,0,,0,,0,,1,"- ""himselfherself away constantly""",0,,1,2,1,keep,"Text is undamaged web-scraping-wise, with only a minor typo/run-on word in the source text.",,32.91048170800393,148.24851201584622,58.142389825658746,2.0,+++,+++
94317f6c-f95b-44a6-ac05-917186645e97,базовые,opt_2.7b,sci_gen,0,,0,,0,,1,"- ""sparselow-rank""",0,,1,0,1,keep,"Text is undamaged web content with only a single minor typographical concatenation (""sparselow-rank"").",,30.905782608252043,48.30344812158712,55.360681275348334,2.0,+++,+++
b29b882b-920e-4257-9cda-7b7d56a40522,базовые,opt_30b,squad,0,,0,,0,,1,"""education arguing it would widen educational inequality in Ireland[9293].""",0,,1,1,1,keep,"The document is fully intact and readable, with only minor tokenization/formatting glitches in the inline citation numbers.",,29.432531595653643,115.1575564529209,64.77849009535934,2.0,+++,+++
5bc2cdc0-f6cb-4e94-916d-70edb210da6a,базовые,bloom_7b,squad,0,,2,"Grandma asks me ""what did you want to be when you grew-up""",0,,0,,0,,5,1,2,keep-with-caveats,"Social media commentary, self-promotional sign-off, and bio blurb appended to the end of a blog post.",,41.37516205674818,84.91533885390547,70.0713564304176,2.0,+++,+++
b21af4ee-d4ab-414d-9c76-c4241ec5fd22,базовые,opt_30b,roct,0,,0,,0,,0,,0,,1,1,0,keep,The document is completely undamaged continuous prose with no pipeline artifacts.,,30.962946857843104,64.47170558341624,54.10683779841651,2.0,+++,+++
2826e080-8e2a-4886-9132-9d857d305a8b,базовые,opt_30b,sci_gen,0,,0,,0,,1,- receiversusers versus achievable gains,0,,1,0,1,keep,"The document is intact continuous prose with only one minor tokenizer/concatenation typo (""receiversusers"").",,36.61550912847108,80.50899575315098,57.55475747998947,2.0,+++,+++
f39bb4b3-12ff-4a69-8272-f51a3dc34fc8,базовые,opt_13b,squad,0,,1,[12] It originated from Fourier's mathematical analysis[131415]:4-5,0,,3,W Work performed on input variable x; T Temperature differential pV Potential difference qL,0,,5,0,4,drop,Extreme tokenization and parsing errors have turned the mathematical equations and properties into unreadable gibberish.,,28.42861620594746,190.13673859111225,57.9736621439261,2.0,+++,+++
5ca5e771-13e2-461f-b3d9-ca2f1b1ce454,базовые,opt_2.7b,sci_gen,0,,0,,0,,0,,0,,2,0,0,keep,The document arrived completely intact with no pipeline damage.,,36.32819025115606,72.43653084372583,61.4899108819592,2.0,+++,+++
0968d27c-409d-40c5-a347-e3c347f60f5c,базовые,opt_30b,sci_gen,0,,1,View Full-Text,0,,0,,0,,1,0,1,keep,"Clean academic text with only a minor UI artifact (""View Full-Text"") appended at the end.",,26.5788606273555,57.20744863629147,66.55290492249428,2.0,+++,+++
78427b90-59ae-4ff2-ae12-ae97f4ded642,базовые,opt_2.7b,sci_gen,0,,0,,0,,1,"real peopleobjects (e.g., skin color)",0,,1,0,1,keep,The text is intact with only an isolated missing space between two concatenated words.,,49.94950851422198,35.223551527307436,57.90441187896518,2.0,+++,+++
e48a9578-81fb-44a0-ac2a-d1b28fb8c758,базовые,bloom_7b,tldr,0,,2,Jerry Yang quit as CEO of Yahoo after a failed bid with Verizon,0,,1,- that's why it's important,0,,1,1,2,keep-with-caveats,Multiple unrelated web news snippets and promotional texts have been strung together into a single body of text.,,32.082433063073786,35.87010813772895,46.66531333882795,2.0,+++,+++
25e7d18a-6fc0-42e9-b0ee-db1284c86754,базовые,opt_2.7b,sci_gen,0,,0,,0,,0,,0,,1,0,0,keep,The text is completely intact without any pipeline damage.,,33.60215014165786,32.26115671970661,46.25117758013224,2.0,+++,+++
51945d1c-5061-4e65-a36f-4d4bbc31019e,базовые,opt_125m,tldr,0,,0,,0,,0,,0,,1,0,0,keep,The document survived scraping without any pipeline or extraction damage.,,38.2604813150349,6.1856866991448936,42.876865012158795,2.0,+0+,+0+
322d0cd5-36b9-4d28-a66c-8d12bf89b326,базовые,opt_2.7b,sci_gen,3,"""The goal is to make a system that predicts a user's next action""",0,,0,,0,,0,,1,0,4,drop,"The document abruptly transitions into completely unrelated research topics mid-paragraph, indicating severe pipeline corruption/stitching.",,34.70321563235297,36.529183060099655,38.81548853462208,2.0,+++,+++
4eb874b5-43b9-44dd-9a09-026fa7498b37,базовые,opt_1.3b,hswag,0,,0,,0,,1,Adjust ing these variables,0,,1,1,1,keep,"Minor isolated typo/tokenization error (""Adjust ing""), otherwise intact continuous prose.",,34.97859187378754,30.8215336455227,29.57338240207718,2.0,+++,+++
c84a4bd7-8929-485c-9014-9bb0bd309f57,базовые,opt_1.3b,hswag,1,"""Step 3: Clean up all those little fibers""",0,,0,,0,,0,,1,1,1,keep,Missing steps 1 and 2 are a minor loss of material in an otherwise usable instructional text.,,29.981734485226937,23.70615506109644,37.13968941806337,2.0,+++,+++
7e6de0dd-123b-43e9-bab6-f90e3d882d55,базовые,opt_350m,tldr,0,,0,,0,,0,,0,,1,1,0,keep,The document is completely undamaged by the processing pipeline.,,37.82825319036977,39.77533517033186,53.02810715786729,2.0,+++,+++
7225ebd6-d39c-4b4e-906e-6adf168a21de,базовые,opt_2.7b,sci_gen,0,,0,,0,,1,"- ""andor""",0,,2,0,1,keep,"The document is fully intact academic prose with only a single minor typographical merge (""andor"").",,28.465759416256542,32.07615714274898,62.85412256019115,2.0,+++,+++
f8f01002-6c22-4437-b31f-c93137c06439,базовые,opt_125m,sci_gen,0,,0,,0,,0,,0,,1,1,0,keep,The text is intact and completely undamaged by the scraping pipeline.,,33.8930441256091,18.85294188257354,41.55162640969221,2.0,+++,+0+
9d95097b-0a23-45fc-9a24-26ffbe1ca6fd,базовые,opt_6.7b,sci_gen,0,,0,,0,,1,(mathbb{Cn1}mathbb{R {0},0,,2,0,1,keep,Minor isolated character/rendering corruption in a single mathematical formula.,,53.57940083051361,6.062550696764201,42.8354986629597,2.0,+0+,+0+
47d6d260-557f-4296-bc42-4228409e6cf6,базовые,bloom_7b,squad,0,,0,,0,,0,,0,,1,0,0,keep,The document processed cleanly with no pipeline damage present.,,26.34054099623401,22.0354923843125,30.68261792229453,2.0,+++,+++
88cc0965-b720-4238-91d6-47aef46d1e64,базовые,opt_2.7b,squad,1,"""see picture above""",0,,0,,0,,0,,1,0,1,keep,"Minor missing media pointers from web scraping, text is otherwise fully intact.",,35.80246527982326,32.4422612029095,53.86879152260802,2.0,+++,+++
6b30fe6c-b972-4990-938a-21163f7326ba,базовые,opt_350m,cmv,0,,0,,0,,0,,0,,1,2,0,keep,The document is fully intact with no pipeline damage.,,34.683319439953344,10.315731620175445,25.343518067891807,2.0,+++,+0+
7bcc7371-f498-432f-9106-427babba008b,базовые,GLM130B,sci_gen,0,,1,"author: - Jeroen W. Timmermans1, Hector D. Martinez2, Janni S. Gronroos3",0,,0,,1,"The data that we use was collected from the website on March 11,",2,0,1,keep,"Minor unformatted metadata header at the start and the text cuts off at the end of the Data section, but the main text is undamaged and usable.",,28.267898016248072,-3.293329675666712,10.194830308511293,1.0,+0+,+00
0fb990e2-6ee3-4472-b903-30286717865b,базовые,davinci,reddit,0,,0,,0,,0,,0,,1,0,0,keep,"The text is fully intact and clean, without any pipeline processing damage or artifacts.",,28.34585871951274,12.908344809632885,20.187417644394557,1.0,+++,+0+
e66801d5-537c-4470-87eb-52023dd5e010,базовые,davinci,reddit,0,,0,,0,,0,,0,,2,0,0,keep,Clean document with no pipeline damage present.,,50.51001510376035,5.072307959045549,12.269217399111367,1.0,+0+,+00
a27c3d5a-a77c-460b-a596-49d0e4ff72cf,базовые,65B,cmv,0,,1,"Labels: Asia, China, Chinese, internet, media, news, opinion, politics, propaganda, science fiction, US",0,,0,,0,,1,1,1,keep,The document is entirely clean and intact aside from a single trailing tag/label line at the end.,,26.775713054400356,10.38378245962374,16.109888615163733,1.0,+++,+00
74b88d3f-295e-48d2-bad3-c261f6e58077,базовые,13B,xsum,0,,0,,0,,0,,0,,2,0,0,keep,"Document is clean, fully intact prose with standard Q&A formatting and no pipeline defects.",,34.54559063626928,-1.8300482386931831,1.8067294451379656,1.0,+00,+00
2bbfb007-2ca5-43b6-b999-31aa27968fde,базовые,davinci,wikihow,0,,0,,0,,0,,0,,1,0,0,keep,The document arrived entirely intact with zero pipeline damage.,,51.541589841737746,5.486875986356265,18.69224069585523,1.0,+0+,+00
9b677860-2fb7-420f-92d2-6443ba98bbd3,базовые,opt_350m,squad,0,,0,,0,,0,,0,,1,2,0,keep,The document is completely undamaged by the processing pipeline; its historical inaccuracies and nonsensical claims are purely human authoring/hallucination issues.,,29.171728866142143,15.6408498063244,32.88495447809028,2.0,+++,+0+
de5af2fd-236e-4ae8-bea0-8402958753e0,базовые,davinci,outfox,0,,0,,0,,0,,0,,1,0,0,keep,The document is fully intact prose with no pipeline artifacts or text loss.,,25.879576945642835,-7.850674663375866,19.315470049178916,1.0,+0+,+00
4024588d-48f8-4a84-bd24-6ea6806a8c90,базовые,GLM130B,eli5,0,,0,,0,,0,,0,,1,0,0,keep,The document is clean continuous prose with no pipeline damage present.,,32.723403685213036,-8.33600785479794,6.728563979496513,1.0,+00,+00
b408a073-709b-4d95-942b-88ba63f8cc12,базовые,davinci,outfox,0,,0,,0,,0,,0,,2,0,0,keep,"The document is clean, intact continuous prose with standard standard headings/formatting structure and no extraction damage.",,33.58327377796036,-15.383096410002675,0.758088108435784,1.0,+−0,+00
58b4b004-62b6-408d-8ae3-b5637a2b990e,базовые,davinci,outfox,0,,0,,0,,0,,0,,1,0,0,keep,"The document is clean, complete, and contains no pipeline artifacts or damage.",,28.762110576893612,-10.017056587069332,7.968033283287311,1.0,+−0,+00
25eb5f98-cb6b-441b-9160-ed2596682d6f,базовые,davinci,outfox,0,,0,,0,,0,,0,,1,0,0,keep,"The text is complete, well-written, and free of extraction or formatting artifacts.",,28.647543718048947,-22.555679943875106,-5.1134974698631455,1.0,+−0,+−0
a008a6d1-231b-49d0-a199-7cb223a36587,базовые,13B,squad,0,,1,"""Acknowledgements: We would like to thank Andrea Pescatori""",1,"""The negative relationship between economic inequality and self-employment is driven by the lower probability of business survival.""",0,,0,,2,0,1,keep,Contains minor damage consisting of one duplicated sentence and a glued-on acknowledgements line.,,27.22540918957727,-22.376934119996427,8.023003442727102,1.0,+−0,+−0
cd3d2e62-b253-4115-bf9f-f0e1087d83c9,базовые,13B,eli5,0,,2,"Labels: god, goddess, india, photographs, sculpture",1,"2. Traders - Traders are motivated by commissions and fees. The more volume and the higher the prices, the more they make.",0,,2,If someone uses carbon dio,5,1,2,keep-with-caveats,"The main content is clean and readable, but it contains appended blog tag blocks and cuts off mid-sentence at the end.",,26.25634069391062,-39.43980065783387,6.451755306014255,1.0,+−0,+−0
def312c5-4fa8-448d-bca8-cef4e71e762b,базовые,bloom_7b,sci_gen,2,"""the risk factors go both ways where regarding:""",2,"""Short notice as well. Shrines were built here in gratitude""",0,,0,,2,"""the risk factors go both ways where regarding:""",1,1,3,drop,"Web scraping has concatenated completely unrelated texts together (doctor's note, history of Athens, beauty article) and cut off mid-sentence.",,21.007435969234265,43.63751380848437,45.49262903360545,2.0,+++,+++
e2d59039-637a-46f9-8b61-500210bdbb52,базовые,gpt_j,hswag,0,,0,,0,,1,"""womanthis momstands""",2,"""puts a harmonica to his mouth and begins playing.""",1,1,1,keep,Minor truncation at the start and a single run-together word; text is otherwise fully intact.,,5.650584487333115,50.42942883481268,40.387175311930854,2.0,0++,0++
ab073b61-b10c-49c6-8989-5b723db957f4,базовые,opt_13b,roct,0,,1,(Notethat is what they used back then.),0,,2,guns etcetera..After dropping from Culinary School,0,,1,2,2,keep-with-caveats,"Systematic missing spaces around punctuation and concatenated words from pipeline processing, but the narrative remains fully readable.",,16.161593240697357,148.21988165266612,53.36133398403117,2.0,+++,0++
2b36427e-a297-4caf-ae49-c35d9bae6aa9,базовые,opt_30b,sci_gen,0,,0,,0,,0,,0,,1,1,0,keep,The document is completely undamaged by the processing pipeline.,,22.280683964607757,101.0908523953085,51.77118638494941,2.0,+++,+++
88ab4c64-45e7-469f-b96b-67f7913e99ff,базовые,opt_13b,cmv,0,,0,,0,,1,"""DON""T APPEAR LOGICAL""",0,,1,2,1,keep,Intact forum post with only a minor tokenizer/encoding artifact on one quotation mark at the end.,,12.836014660066692,209.42303015823964,52.16175921788364,2.0,+++,0++
1749da97-b1e5-49b0-9a03-ebae16586955,базовые,opt_13b,xsum,0,,0,,0,,0,,0,,1,2,0,keep,The document is undamaged by the pipeline; all unusual formatting and punctuation are original stylistic choices by the author.,,13.54146251339405,156.49558516248922,54.710206746854816,2.0,+++,0++
f03b3480-1b30-42c8-a4e2-2889b84fbb33,базовые,opt_6.7b,wp,0,,0,,0,,0,,0,,1,1,0,keep,The text is undamaged prose intact from its original writing.,,12.131399956197193,49.721597878479805,36.27327022472709,2.0,+++,0++
601c4483-a2dc-4bb7-b018-29dd23897d22,базовые,gpt_neox,squad,0,,0,,0,,0,,0,,1,3,0,keep,"The document is completely undamaged by the processing pipeline; its dense, incoherent rambling is entirely human writing style.",,20.08389364213319,245.21471272578793,68.8672276346484,2.0,+++,+++
9be035f6-271e-4399-81c3-e6c5732102a2,базовые,gpt_neox,eli5,0,,1,"""t?vjO6HZm1JkqUfeature""",0,,0,,1,"""unless pulsed hard enough""",1,2,1,keep,"Minor web scrap artifact in the middle and a slightly cut-off ending, but otherwise intact human text.",,22.023605102779584,200.14884787522357,58.058220441011,2.0,+++,+++
e912a8b3-af0e-477b-8342-5bf07b1d555c,базовые,opt_2.7b,hswag,0,,0,,0,,0,,0,,1,2,0,keep,The document is completely intact with no processing damage.,,10.35401746750113,48.31572149660194,49.55240989676349,2.0,+++,0++
3dd80439-7ac6-403b-9639-cf672bfcdbf1,базовые,opt_6.7b,squad,0,,1,Contents History of pharmacy,0,,0,,0,,2,0,1,keep,Minor Web scraping artifact joining the section header and contents label into the prose body.,,-9.3317440250674,50.61241890528758,18.603586585101365,2.0,0++,0+0
8d6741b5-e7f7-4b1d-9b8a-8ac79110ed28,базовые,bloom_7b,wp,1,"""Our comprehensive listings below include:""",2,"""This beautiful Italian villa dating back to the 19th century stands poised proudly""",0,,0,,1,"""Read through""",5,1,2,keep-with-caveats,"Two distinct texts (a fictional story and a vacation rental listing) were concatenated into one document, which ends with an unfulfilled promise of listings.",,7.871979022313901,44.81499614400783,39.20713835755732,2.0,0++,0++
ee32b94e-87ff-4516-baae-319f19391454,базовые,bloom_7b,squad,0,,1,Crime In 2016 the crime rate of Fresno,0,,1,andor financially,0,,1,0,1,keep,Minor formatting glitch where a heading was run into prose without a line break.,,15.841137164627034,64.53900635330999,23.43321111632016,2.0,+++,0++
cd2896c5-8908-4dd0-a089-a816e192e5c2,базовые,bloom_7b,squad,0,,0,,0,,0,,0,,2,0,0,keep,The text is undamaged and entirely intact with no extraction pipeline artifacts.,,-2.2561019787906336,42.05598520693318,24.275805899479845,2.0,0++,0++
6d047c05-a1a9-4aa7-9ef0-9967844933fb,базовые,bloom_7b,xsum,0,,1,"""Print Edition Subscribe""",0,,0,,0,,1,0,1,keep,Minor leftover web publication/subscription callout at the very end of an otherwise intact article.,,5.059554459430603,47.860929767842066,19.420308319027836,2.0,0++,0+0
d8c989b9-2485-439d-8d92-eca693eb6fbf,базовые,bloom_7b,yelp,0,,1,`Worst place to go for medical care. Had me waiting for two hours`,0,,0,,0,,3,2,1,keep,Multiple unrelated web reviews run together into a single block without separators.,,-6.074722715593396,47.42258086106005,22.456206246062667,2.0,0++,0++
48e25fde-4112-4f09-9b28-4967a8b5880c,базовые,bloom_7b,sci_gen,1,see Lemma 4.,1,Figure 1. A matching on four points whose removal leaves eight holes,0,,2,"when k {2, 3 }.",2,"Applications to Edge-Frees Spanning Trees As shown earlier, Theorem 1.1 immediately provides a complete characterization of those non-plan",2,0,3,keep-with-caveats,"Mathematical symbols, sets, and equations are systematically corrupted into junk characters across the text, and it breaks off at the end.",,3.7206504296881264,44.01835448672129,12.546014453125398,2.0,0++,0+0
1dea4ea4-f6e9-4ab7-976e-7367e8523ed8,базовые,opt_13b,tldr,0,,0,,0,,1,Oct 16th 2019 by Cell Stem Cell.This was done,0,,1,1,1,keep,The document is fully intact with only an isolated missing space after a period.,,-3.158979351135205,134.7387494840917,29.56739850293882,2.0,0++,0++
6478d4ca-8142-413b-9081-78912925e869,базовые,opt_1.3b,eli5,0,,0,,0,,0,,2,"Because evolution works really slowly, and our bodies",1,0,2,keep-with-caveats,"The document begins mid-sentence without its opening, but the prose is otherwise undamaged.",,7.199305057654024,46.24513425613972,31.546326777064852,2.0,0++,0++
4620297f-f083-4712-b640-3e053a175b59,базовые,gpt_neox,roct,0,,0,,0,,0,,0,,1,3,0,keep,"The document is completely undamaged by the processing pipeline; all typos, formatting quirks, and chaotic shifts belong to the original human author.",,19.87204416827023,149.97680237123149,40.63444117301275,2.0,+++,0++
0f38959f-ee7c-4efc-a89b-b07f2fc291d3,базовые,opt_350m,roct,0,,1,Copyright 2021 XPN Business News Inc. All rights reserved.,0,,0,,0,,1,1,1,keep,The main text is completely intact with only a single boilerplate copyright line appended at the end.,,10.37503064163771,35.05191924872445,35.08367314732217,2.0,+++,0++
4b4a6993-d6ac-4baa-aa14-2aa8151a4f9b,базовые,bloom_7b,yelp,0,,0,,0,,0,,0,,1,2,0,keep,The text is intact conversational prose with no pipeline or web scraping damage.,,-1.8288006220507491,56.12722299057897,20.46464093799245,2.0,0++,0++
8b179aa9-e184-44fd-8367-26bb0ca50e68,базовые,opt_350m,tldr,0,,0,,0,,0,,0,,1,2,0,keep,The text is intact and completely undamaged by the scraping pipeline.,,10.610176397014758,36.28060021164168,32.23730090957864,2.0,+++,0++
f826a5df-b7af-44b5-8a31-f04aebfeb69e,базовые,opt_6.7b,yelp,0,,1,"""Thank You Thanks for writing a review regarding your recent visit""",0,,0,,0,,1,2,1,keep,A single customer service response is appended directly to the end of the customer review without a separator.,,0.3070977522229767,27.948874859568026,32.19905011113729,2.0,0++,0++
08ef4d38-af28-4b14-89e4-0a4937153187,базовые,opt_1.3b,yelp,0,,2,We stopped to eat here while visiting a family member in town. My wife and,0,,0,,0,,1,2,2,keep-with-caveats,Multiple distinct user reviews with conflicting opinions have been joined together into a single prose block.,,-1.6287234124756127,37.574900956083376,28.345959112540054,2.0,0++,0++
e96ff4f7-e8f8-45e6-9e6d-263a711e7ad6,базовые,opt_1.3b,wp,0,,0,,0,,0,,0,,1,1,0,keep,The document is completely undamaged continuous prose with no pipeline artifacts.,,5.77436087215964,37.977645196910856,37.33068396323563,2.0,0++,0++
461eea35-484b-4044-862e-a87eb5d377f2,базовые,opt_6.7b,sci_gen,0,,1,"""93 accuracy across 2- and 4-class classification tasks""",0,,0,,0,,1,0,4,drop,Web scraping run separate unrelated paper abstracts together into a single paragraph without transitions.,,17.792436803429982,24.9262263364877,28.077294687183475,2.0,+++,0++
8d523ffc-5270-42a3-b274-33d5d4ac38fc,базовые,opt_350m,roct,1,"""To submit applications online go here.""",1,"""To submit applications online go here.""",0,,0,,0,,1,0,1,keep,"Minor web residual at the very end where a link was stripped, but the text is otherwise fully intact.",,19.405978277798216,10.746057690551408,32.481332123342895,2.0,+++,00+
2c4723b5-b3d6-4ff3-ac7b-dde48afe3327,базовые,bloom_7b,wp,0,,0,,0,,0,,0,,1,2,0,keep,The document is undamaged continuous narrative fiction with standard authorial punctuation.,,3.2877029755194456,9.823998016103754,35.23585207243096,2.0,00+,00+
27f79c73-7acd-41e8-a9da-ca351558b13b,базовые,opt_2.7b,sci_gen,0,,0,,0,,0,,0,,2,0,0,keep,The document is completely intact with no pipeline damage.,,21.57699593287247,11.093920719188496,36.92935392271666,2.0,+++,+0+
79030098-67ce-49a7-a87f-57404f967a27,базовые,opt_125m,yelp,0,,0,,0,,0,,0,,1,1,0,keep,The document is completely intact and free of web scraper or pipeline damage.,,16.58484980700998,23.214885692140573,33.856491445518195,2.0,+++,0++
8d67407d-a672-4d0e-9423-d96e117e3806,базовые,opt_350m,xsum,0,,1,"""Read more: PS3 CEO says PS4 could be delayed until 2022""",0,,2,"""PS1.43bn for the six months""",1,"""reserves across all regions except the UK....""",1,0,3,keep-with-caveats,"Systematic encoding failure replaced currency symbols (likely £) with ""PS"" throughout the financial text.",,8.481680231339963,37.40181827152093,30.09360872579437,2.0,0++,0++
0c091da4-85f5-4071-895d-a36d5c5a7d67,базовые,13B,xsum,0,,2,"""A version of this article appears in print on , Section A, Page 19""",0,,0,,0,,1,0,2,keep-with-caveats,"Article text is completely intact, but web boilerplate and related article links are appended at the end.",,9.118678522676968,-4.570784351598178,6.561049306995987,1.0,000,000
c7650f0f-e8e7-410a-8d4d-3fa1d3623722,базовые,65B,eli5,0,,2,"""Hillary Clinton, Benghazi Aug 5 Democrats' War on the Poor: Taxes and Regulations Aug 4""",0,,0,,0,,1,1,2,keep-with-caveats,"The main text is completely intact, but a blog sidebar or related posts feed is appended at the end.",,9.138453237089712,11.018191207384827,6.899507297257534,1.0,0+0,000
07cf3aea-a63e-4bd8-af24-c7be8f876172,базовые,opt_125m,roct,0,,0,,0,,0,,0,,1,2,0,keep,The document is completely intact with no web extraction or pipeline corruption issues.,,1.762690227261302,11.398405954661406,9.649285877328872,2.0,0+0,000
14bf915a-1988-4b1e-868f-a34e76b9d322,базовые,opt_2.7b,yelp,0,,2,"Emma from London on April 09 2016 8 "" Beautiful hotel """,0,,0,,0,,3,2,2,keep-with-caveats,Multiple individual hotel reviews are concatenated together with metadata headers retained.,,-8.022071966000796,25.39283849116035,23.03071385461788,2.0,0++,0++
2e26da70-256d-4815-a8bd-929448ab8f9e,базовые,opt_1.3b,hswag,2,"""Final Thought""",2,"""[url]Toppers[url]""",0,,1,"""coupons:1) Search for""",1,"""schedules.Final Thought""",5,2,2,keep-with-caveats,Web scraping left behind rendering tags and glued several unrelated snippet topics together.,,-1.075588623415888,13.270460459451028,22.924570793659573,2.0,0++,00+
675ca5ef-f09d-4058-a66d-114afad1b5e0,базовые,bloom_7b,roct,0,,0,,0,,0,,0,,1,2,0,keep,The document is an intact piece of informal creative writing with no extraction or pipeline damage.,,-2.979479271860717,22.83353720109205,25.5328842633006,2.0,0++,0++
f04d55b0-0062-4c00-9ff5-2c803193bfa3,базовые,opt_350m,squad,0,,0,,0,,1,"- ""others.""We want all libraries""",0,,1,0,1,keep,Intact prose with only a single missing space after a closing quotation mark.,,2.1934410221465974,-1.3890806771579165,21.82194588090455,2.0,00+,00+
c4211173-397e-414f-8688-5326159e4e84,базовые,opt_6.7b,xsum,0,,1,"""GETTY IMAGESROYAL MINT The Duke and Duchess, William and Catherine, have had""",0,,0,,1,"""The Duke and Duchess, William and Catherine, have had full-time job since April 2011""",1,0,1,keep,"Minor web scraper artifact merging image attribution text with the final sentence, which cuts off slightly at the end.",,-3.518700329961027,10.425324927528774,14.727888312669505,2.0,0++,000
83916cea-50cd-4683-8183-bfd028ebec1e,базовые,7B,yelp,0,,0,,0,,0,,0,,2,1,0,keep,The document is clean prose and instructions with no web extraction or pipeline damage.,,-4.467169438548263,1.3036089020761583,-12.763868391922797,1.0,00−,000
3f8c8e3e-3ed2-4f2a-a839-566b2673bab5,базовые,opt_1.3b,roct,0,,1,(She has sex with Andy Dufresne during this movie. -ed.),0,,0,,0,,1,2,1,keep,"Contains only a single minor editor/editorial note inserted into the text, leaving the document fully functional.",,-6.053038484968299,14.575596805188598,20.662309118185583,2.0,0++,00+
6d15cb21-6b39-4719-a4d0-d1daa2cdfc9f,базовые,davinci,reddit,0,,0,,0,,0,,0,,1,0,0,keep,The historical passage is clean and undamaged by the pipeline.,,18.41067053249307,13.923949719372017,-0.2978819615878099,1.0,++0,000
d92c67ca-2ed7-4256-bb9d-50e648e59007,базовые,30B,tldr,0,,2,"""Trends:China-US newsChina-US trade war newsTikTok news US news 9 killed""",0,,1,"""newsChina-US trade war newsTikTok news US news""",0,,5,0,2,keep-with-caveats,Web scraping appended a block of unrelated news article links and trends at the end of the text.,,6.641003093234351,6.657736876187418,17.0962488426703,1.0,00+,000
a8bb7b74-a7a6-4162-9b6a-d7b18ff7f16b,базовые,opt_125m,wp,0,,0,,0,,2,"""As soon as around annrugatannlipactAW shouts slogans and crowds andPeople throughout stronger out""",1,"""narratives from from bo movements""",1,2,2,keep-with-caveats,"The document ends with a section of severely garbled/corrupted text and broken spacing, but the main text is usable.",,-6.606326462172175,12.085963026190562,17.12605629920229,2.0,0++,000
4339e49d-2039-473b-854a-b766530194af,базовые,opt_1.3b,hswag,0,,2,"""10 The Best Dry Shampoo For Curly Hair""",0,,0,,0,,5,1,2,keep-with-caveats,Multiple list items or blog posts are concatenated without proper section breaks or structural separation.,,-0.1840059475026959,-4.285001232599176,9.488321958704152,2.0,000,000
f040e073-62a4-47ec-a022-32a144f2a29d,базовые,65B,xsum,0,,0,,0,,0,,0,,1,1,0,keep,The document is clean continuous prose with no web residue or extraction damage.,,-14.214226055903069,10.867703968308394,-18.79097859998921,1.0,−+−,000
c6c7446f-0d28-467e-97e6-bbf704789fd0,базовые,opt_125m,roct,0,,0,,0,,0,,0,,1,2,0,keep,The document is completely undamaged by the processing pipeline.,,14.413425384813344,10.139289407213395,29.088572024551784,2.0,+++,00+
e297f3f0-2dc1-4f61-b65e-863819a008d4,базовые,7B,tldr,0,,0,,1,"""A bug in Tesla's Autopilot driving program would sometimes pull cars towards lane dividers""",1,"""letting the driver take hisher hands off the steering wheel""",0,,1,0,1,keep,Contains minor mechanical repetition in the opening sentences and a single merged word typo/tokenization error.,,6.527561356079842,6.644426392441584,-18.666511081392542,1.0,00−,000
e4364e46-99a4-494e-96ac-cd3e00f70ae0,базовые,7B,sci_gen,1,"""In the following table, the Unbabel QE system is compared with""",0,,0,,0,,0,,1,0,1,keep,"A single missing table referenced in the text, otherwise intact standard prose.",,-4.989153256446498,-5.76321562967855,-25.8158831132077,1.0,00−,00−
501a14cc-bc41-4dcc-b032-0ccc7fa0304f,базовые,65B,wp,0,,0,,0,,0,,1,I felt the bed begin to move. I felt my body,1,1,1,keep,"The document is clean, continuous prose with only a mild trailing cut at the very end.",,10.286232234525954,9.37030712471972,-19.95299115190526,1.0,+0−,000
f226adab-7189-445d-b015-33197d0b623b,базовые,30B,squad,0,,0,,0,,0,,0,,1,0,0,keep,"The document is complete, clean, and free of any web scraper or processing damage.",,4.753708775705959,8.8129026000841,-17.755812958017508,1.0,00−,000
b0ee9bc7-4e92-461a-a530-8ef0d53445cb,базовые,13B,yelp,0,,2,"""This place is a must visit when you are in Vegas. It is right""",0,,0,,0,,1,1,2,keep-with-caveats,Multiple short reviews or comments for the same place have been concatenated together into a single prose block without separators.,,-14.017738647135973,-1.3470318876462022,-25.90432325095649,1.0,−0−,00−
2f4e2740-91c5-4bc4-8331-0fc8e717b840,базовые,7B,hswag,0,,2,"Happy ""Get Your Workout On"" Thursday! Such great suggestions! I love the idea of",0,,0,,0,,5,1,2,keep,A blog post describing exercise routines has several reader comments appended directly to the text without separators.,,-7.812686784818674,7.104677398402126,-19.642917707406816,1.0,00−,000
a2f56bdf-4044-41c7-b893-d37c116508b5,базовые,7B,roct,0,,2,"""I think I'm gonna like this wedding blogging thing. I really liked reading your blog.""",0,,0,,0,,1,1,2,keep-with-caveats,User comment left attached to the end of the blog post text.,,0.2758001948287442,2.6972804433139386,-19.80655535077044,1.0,00−,000
d33d20ad-001f-473c-930e-ca091a7d020c,базовые,7B,roct,0,,0,,0,,0,,0,,1,1,0,keep,The document is completely intact and free of any pipeline damage.,,-0.9574716463121554,-1.1318863241566386,-35.30648754369137,1.0,00−,00−
ef8b5375-bab1-43b1-9fce-6fb2de044035,базовые,65B,cmv,0,,0,,0,,0,,0,,1,1,0,keep,The document is clean text intact from the source forum post without pipeline corruption.,,4.046806662415696,-5.438442530099905,-22.080794125938823,1.0,00−,00−
3fd88681-c10c-471e-ac0a-d11824c0bd75,базовые,13B,cmv,0,,0,,0,,0,,2,For those of us,1,1,2,keep-with-caveats,The text is clean and intact until it cuts off mid-sentence at the very end.,,2.009044645822844,22.4734078975837,-19.84416484136381,1.0,0+−,0+0
d5e4f0ca-b9f5-43b4-871f-390ce72cb7b1,базовые,65B,wp,0,,0,,0,,0,,0,,1,1,0,keep,The narrative prose was scraped completely intact without any pipeline damage.,,-10.35547938909193,1.3019892161142683,-19.19420909550487,1.0,−0−,000
5eec7c83-5b20-42e7-9b89-009b1a9e7bf4,базовые,7B,xsum,0,,0,,2,The new charge will help ensure that big business shoulders the cost of training,2,"15,000 allowance to offset against the levy, meaning that the average employer will pay",0,,1,0,3,keep-with-caveats,Stripped currency symbols/percentages throughout and mechanically repeated summary sentences inserted into the text.,,10.75982846319654,-20.531795626593116,-2.1935484099801874,1.0,+−0,0−0
1dc0254f-b0cf-411f-b4a2-c3929ad0a1ed,базовые,davinci,reddit,0,,0,,0,,0,,0,,1,0,0,keep,The document is clean continuous prose with no pipeline damage present.,,11.404170510655112,-19.737342971283685,-14.821668378611053,1.0,+−−,000
70743bd1-9cc3-4e9d-b091-348a731557d9,базовые,7B,wp,0,,0,,0,,0,,1,,1,1,1,keep,The document is an undamaged piece of creative prose that cuts off slightly before the final sentence finishes.,cut: нет цитаты,0.167761241181292,4.085532168466795,-21.43035125288229,1.0,00−,00−
ffa1841e-0c80-4a64-aa88-25f876bf6141,базовые,7B,tldr,0,,0,,1,"""Tencent, Baidu, Alibaba and Tencent""",0,,0,,1,0,1,keep,"Contains a minor repetitive slip in a list of companies, but the text is otherwise intact and fully usable.",,8.016904784491983,-7.55061737413342,-12.611489974680955,1.0,00−,000
e79bc21e-f165-4563-b6e3-3b5bce3722af,базовые,30B,squad,1,"""with 60 of the rainforest, followed by Peru with 13""",2,"""This page contains text from Wikipedia, the Free Encyclopedia - Latest News for: amazon basin""",3,"""The researchers surveyed 270 bird species in the Amazon region and found""",1,"""Portuguese: Floresta Amazonica or Amazonia; Spanish: Selva Amazonica""",0,,5,0,4,drop,Heavy repetition from scraped news feeds and automated snippets competes with and corrupts the initial text.,,6.297160803710325,-33.711624043675876,-7.157373400328004,1.0,0−0,0−0
0dc714a4-d60c-4505-bf66-1a031858a5f0,базовые,7B,eli5,0,,0,,2,"""I wonder if anyone has a copy of the translation of the New Testament""",0,,0,,1,1,2,keep-with-caveats,"Contains a verbatim repeated sentence sequence near the end, but the overall text remains readable and intact.",,6.324493842086272,-27.63281612754701,-14.211266933203484,1.0,0−−,0−0
133f2e29-9281-4661-b29a-c7ab1a411a21,базовые,13B,tldr,0,,0,,0,,0,,0,,3,1,0,keep,The document is entirely intact and free of pipeline processing errors.,,6.7681515563034855,-20.55542494379049,-8.332160850350832,1.0,0−0,0−0
e18cb00a-05b9-4578-8180-e14bc81bbb51,базовые,opt_1.3b,squad,0,,0,,0,,1,"""O 2""",0,,1,0,1,keep,The text is intact with only one isolated whitespace artifact inside a chemical formula.,,18.648064992097098,38.35994054786001,37.742937854573775,2.0,+++,0++
2f076e14-c748-4204-956d-18c89c3f5c04,базовые,opt_350m,sci_gen,0,,0,,1,"""Python Programming Language Debate, Python Programming Language Debate""",1,"""PyPy.2) Using""",0,,2,0,1,keep,"Minor tokenization defect (missing space after period) and slight text repetition near the end, but the document is fully readable and intact.",,2.439708175931219,-21.425158249280468,-2.0193796156034884,2.0,0−0,0−0
4344347f-df41-468a-b529-4c3962fa5823,базовые,7B,tldr,0,,0,,0,,0,,0,,1,0,0,keep,The text is intact and completely free of extraction defects or corruption.,,13.538338502507822,-11.924476580053389,-7.0271853680111125,1.0,+−0,000
ab9dc07b-66e5-46e0-b1f8-21348881a4ed,базовые,65B,squad,0,,1,"commercial, which can be seen here.",1,Death Wish Coffee is also the official coffee of the 2016 NHL Winter Classic,0,,0,,1,0,1,keep,"Minor web scrap residue (stripped link) and mild internal textual redundancy, but overall intact.",,-1.9348475770593017,-14.569264456153212,-10.699629819790408,1.0,0−−,000
46ddc9c1-fb5e-4d32-ac1c-ceac3d138ab6,базовые,opt_350m,hswag,0,,2,"""Speaks 2 Times More Videos Videos Video Link copy Embed Code copy advertisement""",0,,1,"""is a green vehicle that says go green on it. png""",0,,1,0,2,keep-with-caveats,"Contains an embedded advertisement/video UI block and a stray image extension artifact at the start, but text is otherwise readable.",,-0.2702556531735411,-6.156119190594599,22.305466424336153,2.0,00+,00+
5680cc4f-f7ee-4769-9450-77fe15540776,базовые,13B,xsum,0,,0,,0,,0,,0,,1,0,0,keep,The document is an intact news article with no pipeline damage.,,-3.5199440590142452,-28.217734895001247,-7.60457209139052,1.0,0−0,0−0
a72dfe80-b04f-48c5-a792-779ce97fcdea,базовые,30B,sci_gen,0,,0,,0,,0,,0,,1,0,0,keep,The document is an undamaged abstract of an academic thesis.,,11.53176567413001,-8.437806454352046,-12.14576226141769,1.0,+0−,000
b0f20c2a-93a6-420f-b7c4-5b6332719930,базовые,13B,hswag,0,,1,[step],0,,0,,0,,5,1,1,keep,The document is fully intact with only mild step-delimiter artifact tags throughout the text.,,-8.984375170875206,-22.079478421935285,-24.96204659879235,1.0,0−−,0−−
8bdfff86-034a-447a-a89c-9088f3179ef0,базовые,7B,hswag,0,,0,,0,,0,,2,is seen speaking to the camera while several people are seen running,1,0,2,keep-with-caveats,The document begins abruptly mid-sentence due to truncation at the start.,,6.467421747959469,-12.119177531517394,-2.5803543732435927,1.0,0−0,000
425e95cd-36ab-4630-b1a7-44ba2fb82f23,базовые,GLM130B,yelp,0,,0,,0,,0,,0,,1,2,0,keep,"The text is an undamaged, complete customer review with no pipeline corruption.",,0.2320914196067824,-26.334245570795844,-16.72710547619551,1.0,0−−,0−0
13524a82-cbb2-49fc-8e46-27b7233578ce,базовые,GLM130B,cmv,0,,0,,0,,0,,0,,1,1,0,keep,The text is fully intact with no pipeline damage present.,,-4.4065837751457355,-41.12164345810024,-48.01620883604029,1.0,0−−,0−−
aae59de4-c579-439f-bd16-57cf51aa7135,базовые,30B,eli5,0,,0,,0,,0,,0,,1,2,0,keep,"The document contains repetitive human writing, but no pipeline damage was introduced.",,-4.267843234241401,-33.15601746426236,-24.839236322760065,1.0,0−−,0−−
20cbee54-dba7-4b6c-9bd7-8fbd6f7f7dc1,базовые,13B,eli5,0,,2,"""What is the benefit of growing bananas in the Caribbean? What are some benefits""",2,"""Benefits of fresh fruits and vegetables 1. High fiber content 2. Low in""",0,,1,"""6. Keep your heart health""",5,1,2,keep-with-caveats,Multiple Q&A forum entries or search results are scraped together into one text with a duplicated list at the end.,,-12.673027161789136,-30.314769671543672,-24.43018679596491,1.0,−−−,0−−
65e5d45d-c401-4000-9611-4a73b64b0f6f,базовые,13B,squad,0,,0,,0,,0,,1,,1,0,1,keep,"The document is clean, continuous prose that cuts off slightly at the end without loss of clarity.",cut: нет цитаты,12.81302914274957,-10.844791316258764,-18.18629895813114,1.0,+−−,000
8e002283-8b66-4f16-b6e9-2357729109de,базовые,65B,hswag,0,,0,,0,,0,,2,jumps over a stroller being pushed by a lady.,1,1,2,keep-with-caveats,The text is undamaged but begins abruptly mid-sentence at the very start.,,-9.980130801325096,-18.02914277855158,-24.31478474840393,1.0,0−−,00−
2328f0de-f738-441f-96b0-a3a92623c60d,базовые,GLM130B,squad,0,,0,,1,"""gills gills.""",1,"""(the ""oral pole to the posterior end""",0,,1,0,1,keep,Minor isolated formatting issues (a missing closing quote and a repeated word) with no structural pipeline damage.,,-0.7396038303079985,-22.08023705940521,-26.989061684644383,1.0,0−−,0−−
163d11bd-8229-467e-9c40-9f2f889ba356,базовые,GLM130B,squad,1,"""flooded with up to of water.""",0,,0,,0,,0,,1,0,1,keep,"A single numeric measurement was lost, leaving a minor grammatical gap.",,9.482340718153004,-15.7302384835719,-25.562042290030025,1.0,0−−,00−
b98a42ec-2149-4ccb-8527-3afbf7d31865,базовые,davinci,reddit,0,,0,,0,,0,,0,,1,0,0,keep,The document arrived completely intact with no pipeline damage.,,1.98967386544999,-17.40320296894696,-31.72084821819327,1.0,0−−,00−
de0c321a-0fa4-405c-900e-24d07c235852,базовые,13B,yelp,0,,0,,0,,0,,0,,1,2,0,keep,"The document is completely undamaged text reflecting informal, repetitive personal writing.",,-12.531791131705525,-27.273894709237016,-50.69512430596652,1.0,−−−,0−−
bd357a24-f303-4f24-bc06-e06ae018c3c7,базовые,13B,cmv,0,,0,,1,I would also like to say that as a male I feel that I am not complete as a man until I have my foreskin back.,0,,2,I feel that the reasons,1,1,2,keep-with-caveats,"The text ends abruptly mid-sentence and contains one duplicate sentence, but is otherwise clean and readable.",,3.3960861504521587,-31.437981728090524,-19.43320178814837,1.0,0−−,0−0
85b53dee-548e-4a6e-b3a3-b3a4cd4f40b6,базовые,65B,eli5,0,,0,,0,,0,,0,,1,0,0,keep,The document is completely undamaged and intact continuous prose.,,-8.852092112167378,-25.38105044099653,-28.35545222207008,1.0,0−−,0−−
8f4c20f9-edf7-448d-a76e-730674a59abf,базовые,13B,eli5,0,,0,,3,"The 11:11 phenomenon is associated with the power of the numbers 1, 11",0,,2,The 11:11 phenomenon is associated,1,1,3,keep-with-caveats,The document suffers from mechanical text repetition at the end and cuts off mid-sentence.,,-37.658666088725965,-54.47939688755024,-64.6618413963218,1.0,−−−,−−−
710e2599-bc59-4b20-8683-4e3cb3039ea0,базовые,davinci,wikipedia,0,,0,,0,,0,,0,,1,0,0,keep,The document is completely intact with no pipeline damage.,,-1.5479110693901028,-7.282750581820882,-1.55446758753824,1.0,000,000
4c4af084-6864-4b52-a7ca-b9f75fb81d04,базовые,30B,hswag,0,,0,,0,,0,,3,,5,2,4,drop,"The text is severely fragmented throughout, missing both its beginning and end while consisting largely of broken sentence pieces.",cut: нет цитаты,-22.39522350534057,-22.857050824725174,-57.46025618522975,1.0,−−−,−−−
d1e2c717-60b3-4803-91b3-49dccbb82576,базовые,65B,cmv,0,,0,,3,"""16. X is more popular. If it wasn't, it would be Y.""",0,,1,"""48. X is more popular. If it wasn't""",5,2,4,drop,"Mechanical repetition inflates the list from item 16 to 48 with identical boilerplate, dominating the text.",cut: цитата не найдена,-54.647730084471235,-50.66057377662514,-77.34279965609619,1.0,−−−,−−−
a46bb27f-5aa5-45fc-ba59-8664b6b20af7,базовые,13B,squad,0,,0,,0,,1,"Good Guys, Bad Guys ,",2,(E,5,0,2,keep-with-caveats,The document is cut off mid-sentence at the very end and has a minor spacing error around punctuation.,,-27.824158253872604,-38.67788244484564,-25.86842173681666,1.0,−−−,−−−
c5b8b4f4-f1c9-4538-ad49-6c98595ba85d,базовые,13B,wp,0,,0,,0,,0,,0,,1,2,0,keep,"Intact creative writing text with deliberate rhetorical repetition, undamaged by the extraction pipeline.",,-37.03244391873685,-20.995685938306817,-57.09952723478203,1.0,−−−,−−−
6f6424d3-08a4-436b-bef7-4b008ce0944d,базовые,30B,hswag,0,,2,"""How to Write a Letter to the School Principal How to Write a Letter to Your Teacher""",0,,0,,0,,5,0,2,keep-with-caveats,Related article navigation links at the end were merged directly into the text without separators.,,-26.183282172427937,-31.40833281555365,-39.54612374043108,1.0,−−−,−−−
2c7fa840-fb64-4bdd-a223-78a42bb5d2ac,базовые,7B,wp,0,,0,,1,"The bartender's back was to the hooded man, the other bartender's back",0,,2,"He turned and walked back toward the exit, pausing for a moment to take",1,1,1,keep,Minor mechanical repetition of a phrase and an unfinished ending sentence.,,-32.279370816040945,-23.42023190327188,-43.81935056282066,1.0,−−−,−−−
d60b2057-fff9-4f01-98c0-82b4a12a5c88,базовые,GLM130B,sci_gen,0,,2,"! [image] (fig1.pdf) {width""0.8linewidth [fig1]",0,,0,,0,,1,0,2,keep-with-caveats,"The main abstract text is intact, but it is followed by a long block of unparsed image markdown tags.",,-53.00174021028784,-32.604223532302996,-81.76100452165016,1.0,−−−,−−−
066d7a1f-e65d-4975-a284-b8c312d2d470,базовые,30B,roct,0,,0,,0,,0,,0,,1,0,0,keep,The document is completely intact with zero web scraping or processing defects.,,-17.902353725600566,-16.195233157659786,-48.114404991024,1.0,−−−,00−
59acd55c-24bc-4543-b639-38cf46abc753,базовые,13B,hswag,0,,0,,3,I'm not gonna drive you back to the hotel. I'm not gonna drive,0,,2,kneels next to his car and shows cleaning products.,1,2,3,keep-with-caveats,The document cuts in abruptly at the start and ends with a massive mechanical loop repeating the exact same sentence dozens of times.,,-51.58980355046789,-48.33280891940824,-73.16329485238553,1.0,−−−,−−−
6c24d40b-08e1-4767-baef-7cdc6c1c5278,базовые,GLM130B,hswag,0,,1,"""When in doubt, go with a knee-length cut, which is flattering for all body types. [substeps] Maxi-length""",0,,0,,0,,2,1,1,keep,"Contains a single leftover inline tag ([substeps]) from scraping, but is otherwise fully intact.",,-22.184064913289134,-12.371100556103173,-34.95595257681261,1.0,−−−,−0−
8561d1c7-25e0-42bc-8b22-1984435a0ac0,базовые,7B,eli5,0,,1,go to this page and play the game online,3,"Thus, a person who defects, but not defects, is better off defecting,",0,,2,"As a result, defecting,",1,1,3,keep-with-caveats,"The text ends mid-sentence and contains heavy mechanical sentence duplication near the end, likely from machine generation or text extraction repetition.",,-35.557856239354564,-39.0980954804334,-63.72397951750518,1.0,−−−,−−−
6bfc5ace-47cc-43c0-8c65-a7f602ef3b79,базовые,GLM130B,sci_gen,0,,1,1. item 1 1 item 1 The deterministic version,3,3. item 3 The nondeterministic version of our model is not decidable.,0,,0,,5,0,4,drop,Mechanical list item corruption creates overwhelming repetitive junk that drowns out the content.,,-59.62588536987121,-30.119090143747375,-84.48085566722612,1.0,−−−,−−−
a62a4365-7860-45bf-998f-bed4bfdf4fc1,базовые,GLM130B,sci_gen,0,,0,,0,,2,"x1, dots, xn, and a sum lpha, find the minimum integer s",0,,2,0,3,keep-with-caveats,"Latex formula commands lost their backslashes systematically throughout the text (e.g. ""dots"", ""lpha"", ""cdot"").",,-19.72758212560459,-38.522022048372925,-35.764653956334556,1.0,−−−,0−−
7cf8314f-c950-49cf-a936-02900d9d0f49,инструктивные,opt_iml_30b,sci_gen,0,,0,,0,,0,,0,,1,0,0,keep,The text is undamaged prose from a computer vision abstract or paper.,,29.691620311645966,33.19266983672454,36.48874790996569,2.0,+++,+++
8c615078-763a-4c76-ae83-739f8b19798e,инструктивные,opt_iml_max_1.3b,squad,0,,0,,0,,0,,0,,1,0,0,keep,The document is completely intact and free of pipeline processing errors.,,30.23386088137454,16.93464612497719,34.41707025030637,2.0,+++,+0+
44c4402e-371a-41e2-833b-adae87757062,инструктивные,opt_iml_30b,tldr,0,,1,"pic.twitter.comQ5FwMLGyMm - Microsoft (microsoft) May 6, 2020",0,,1,EdgeHTML is up to 50 faster than IE11,0,,1,0,1,keep,Minor isolated flaws including a stripped tweet link and a missing percent sign in a stat.,,33.662772706362446,35.87806767917506,47.84897383882049,2.0,+++,+++
e66530cb-eb34-43d5-a1b8-e28d081f353f,инструктивные,gpt-3.5-turbo,outfox,0,,0,,0,,0,,0,,1,0,0,keep,The text is fully intact with no pipeline damage present.,,29.882747525962877,9.944413025446115,37.514406887115264,1.0,+0+,+0+
07b6af0f-76eb-41f3-a45b-3dd8e287b8b3,инструктивные,opt_iml_30b,wp,0,,0,,0,,0,,0,,1,1,0,keep,The document is entirely intact prose with no pipeline damage present.,,28.242913550914185,66.6821799632878,56.10167924403697,2.0,+++,+++
ccc5435c-390f-4e69-8790-704336fa3b94,базовые,65B,wp,0,,0,,0,,0,,1,Good. We'll get you there tomorrow,1,2,0,keep,"The story ends slightly abruptly without final punctuation, but the text is fully intact and undamaged by processing.",,-9.947057938303148,-10.418208080462144,-21.800806365233907,1.0,0−−,00−
4afd90af-d5a9-4523-b738-a2c4687b754d,инструктивные,opt_iml_30b,sci_gen,2,<To assist other organizations interested in adopting similar procedures we've published all information developed here:>,2,<To assist other organizations interested in adopting similar procedures we've published all information developed here:>,0,,0,,1,<borrowing... Read More>,1,0,3,keep-with-caveats,Multiple distinct paper abstracts and articles are glued together into one continuous stream with missing URLs and an incomplete end.,loss: цитата не найдена; web: цитата не найдена; cut: цитата не найдена,26.40253166755111,58.86030873531699,51.00933879232955,2.0,+++,+++
47edc6c5-a5ff-4f7b-a8c2-cd2333fcf519,инструктивные,opt_iml_max_1.3b,sci_gen,0,,0,,0,,0,,0,,1,0,0,keep,"The document is clean continuous prose with no pipeline, extraction, or formatting damage.",,26.926967074003617,18.35199898543694,36.76089137432324,2.0,+++,+0+
b3df8754-c056-4634-95be-1c54211bb6f4,инструктивные,opt_iml_30b,yelp,0,,0,,0,,0,,0,,1,2,0,keep,The text is an undamaged user review with natural informal writing and run-on sentences.,,29.69804954792408,55.738335575370215,48.868530339480934,2.0,+++,+++
41b2cc27-1fb2-48c2-b29f-0c126eff1742,инструктивные,opt_iml_max_1.3b,cmv,0,,0,,0,,0,,0,,1,1,0,keep,The document is completely undamaged and arrives intact.,,35.39870034306932,23.831546643355797,46.38965454051413,2.0,+++,+++
3ad64838-3de0-49c2-862d-d3dbe8b117f6,инструктивные,gpt-3.5-turbo,outfox,0,,0,,0,,0,,0,,1,0,0,keep,The document is completely clean and undamaged by the processing pipeline.,,47.60216607012371,9.543752911980931,44.248123308468365,1.0,+0+,+0+
c573bd85-a6ff-4378-b3ce-4fa9d24b3977,инструктивные,opt_iml_30b,tldr,0,,0,,0,,0,,0,,1,2,0,keep,The document is undamaged pipeline text containing informal forum-style commentary.,,25.265440737322866,27.61571624378997,55.77547715069002,2.0,+++,+++
7aa022d6-72b5-4e5f-9987-7451372c9e5f,инструктивные,opt_iml_30b,sci_gen,0,,0,,0,,1,cite20,0,,1,0,1,keep,"Contains a single unformatted citation key (""cite20"") left over from processing.",,26.573200290394343,17.91505846802239,28.38445873596836,2.0,+++,+0+
e47eb058-59af-43e8-a3c4-fb8a538f2ef1,инструктивные,opt_iml_30b,sci_gen,0,,1,"`environment., This means`",0,,1,`timesattitudes towards`,0,,1,1,1,keep,Minor punctuation and tokenization glitches that do not affect overall usability.,,36.73164650387298,22.074235354593803,48.86305445979794,2.0,+++,+++
ba5a6a96-a3b8-4dea-bd1c-aa0cdc0521c3,инструктивные,gemma-7b-it,outfox,0,,0,,0,,0,,0,,2,0,0,keep,The document is clean and completely free of extraction pipeline damage.,,29.945487776452207,-21.49053728982039,12.64812319874317,1.0,+−+,+−0
fb09040f-5e4f-4cf3-9896-7ee363203a12,инструктивные,llama3-8b,outfox,0,,0,,0,,0,,0,,1,1,0,keep,The document is completely intact with no pipeline damage.,,36.51222471073873,-0.4059076583312945,9.3635854201745,1.0,+00,+00
b8722ed2-c615-4895-b46d-4a5773ff1b1c,инструктивные,llama3-70b,reddit,0,,0,,0,,0,,0,,1,0,0,keep,The document is completely intact with no processing damage or web artifacts.,,32.068646761107146,-3.550949524029201,15.21822556143535,1.0,+0+,+00
37f5fb8f-d2aa-4efd-b017-8f0f9dce022d,инструктивные,text-davinci-003,roct,0,,0,,0,,0,,0,,1,0,0,keep,The document is completely intact prose with no pipeline damage.,,25.051721264119685,-5.919113612004557,7.572832273051963,1.0,+00,+00
001e1151-6379-4149-9fc4-c15c1cb0f371,инструктивные,gpt-3.5-turbo,tldr,0,,0,,0,,0,,0,,1,0,0,keep,The document is completely intact with no processing damage.,,49.92348544318967,-0.5803946143170767,14.545546884241023,1.0,+0+,+00
bc8a0e93-63ca-4f19-a46f-4a1e2ee9306b,инструктивные,text-davinci-003,tldr,0,,0,,0,,0,,0,,1,0,0,keep,The document arrived completely intact with no pipeline damage.,,29.20774759294907,-9.743242686155131,14.77982560261751,1.0,+0+,+00
97264f36-c7fe-4cd4-b1c1-bb2355f7108d,инструктивные,text-davinci-003,roct,0,,0,,0,,0,,0,,1,0,0,keep,The text is fully intact with no pipeline damage or extra web artifacts.,,30.656704591604285,-3.7300779993548887,15.34810943343317,1.0,+0+,+00
9351f816-0aad-4c65-8f4d-7a9323393cae,инструктивные,gpt-3.5-turbo,xsum,0,,0,,0,,0,,0,,1,0,0,keep,The document is completely undamaged and clean.,,31.28843682777344,-7.183803538130585,12.085303752548215,1.0,+0+,+00
47877b72-fbe7-4d6e-a389-262adcdd8197,инструктивные,llama3-70b,outfox,0,,0,,0,,0,,0,,1,0,0,keep,The document is completely clean and free of pipeline processing damage.,,42.80340595350676,-12.901481691710192,26.839812385419854,1.0,+−+,+0+
208079f2-fee1-43e3-8104-8d789c7877e0,инструктивные,cohere,outfox,0,,2,"""Would you like me to generate a conclusion for this essay?""",0,,0,,0,,1,0,2,keep-with-caveats,Contains an appended conversational prompt/junk line at the very end from an AI assistant context.,,25.836886821813604,-8.030562158704093,12.556119902239844,1.0,+0+,+00
7e6d0008-c638-4c74-a386-0289dd4d40aa,инструктивные,gpt-3.5-turbo,roct,0,,0,,0,,0,,0,,1,0,0,keep,The text is completely intact and free of any pipeline damage.,,35.17249234537435,-17.235989876920076,7.531237990177747,1.0,+−0,+00
ced1d078-16a5-44d4-87ad-a5f3baa0f0ef,инструктивные,gpt-3.5-turbo,wikihow,0,,0,,0,,0,,0,,2,0,0,keep,The document is completely clean and undamaged prose with clear headings.,,29.567670278720176,-26.38022161635159,10.125712299973976,1.0,+−+,+−0
b96013fd-ec87-40d9-9683-c3c9fbdcc4e0,инструктивные,gpt-3.5-turbo,outfox,0,,0,,0,,0,,0,,1,0,0,keep,The document is completely intact with no pipeline damage.,,37.3795423241849,-21.562332147069213,15.8792490912047,1.0,+−+,+−0
f634a183-74c7-419f-a558-5bc99dfeb2f7,инструктивные,gpt-3.5-turbo,wp,0,,0,,0,,0,,0,,1,0,0,keep,The text is completely intact with no pipeline damage present.,,38.26045829659856,-2.461224253786844,0.3707423267892998,1.0,+00,+00
926a49cd-0928-44ea-bf76-5c76709fa360,инструктивные,gpt-3.5-turbo,tldr,0,,0,,0,,0,,0,,1,0,0,keep,The document is completely intact with no pipeline damage.,,36.80909647055092,-4.427944137891234,-0.4418753852080977,1.0,+00,+00
bf738c10-a1ca-47f5-bcc1-7d77cc26253f,инструктивные,dolly,peerread,0,,0,,0,,1,"""opposition relations between countries The main contributions""",0,,2,0,1,keep,"A single missing period/space at the end of a sentence, otherwise completely undamaged text.",,31.60297112063534,-15.955184258910274,4.780143269517863,1.0,+−0,+00
5b668453-0243-4e74-b8a0-86d0672f5176,инструктивные,gpt-3.5-turbo,outfox,0,,0,,0,,0,,0,,1,0,0,keep,"The text is an intact, well-structured essay with no pipeline artifacts or missing content.",,28.980139270721523,-10.899938224996522,5.85207647704635,1.0,+−0,+00
123ca443-9593-4667-b06c-29cecea08df4,инструктивные,gpt-3.5-turbo,peerread,0,,0,,0,,0,,0,,1,0,0,keep,"The text is complete, undamaged continuous prose with no pipeline artifacts.",,41.85924431389169,-17.384177701907987,5.233341438120409,1.0,+−0,+00
8df5cc57-44d8-4497-a697-9cae67ff89ec,инструктивные,llama3-70b,outfox,0,,0,,0,,0,,0,,1,0,0,keep,The document arrived completely intact with no scraping or pipeline corruption.,,31.108656703146487,-19.73286978420632,1.6919620538123543,1.0,+−0,+00
6b0627b7-fa34-4b01-851a-26c4eff114a9,инструктивные,gpt-3.5-turbo,outfox,0,,0,,0,,0,,0,,1,0,0,keep,The document is completely undamaged and clean text.,,25.357838101256807,-21.0830777552944,-0.8685504420175982,1.0,+−0,+−0
c0d320e1-26cb-45ba-80b1-b992c36c94f7,инструктивные,mixtral-8x7b,arxiv,0,,0,,0,,0,,0,,1,0,0,keep,The text is an intact abstract with no pipeline corruption.,,26.50639532678226,-15.412500862973197,0.306196623523774,1.0,+−0,+00
318b1d60-4ae9-4246-b435-ee4e71da2d8a,инструктивные,dolly-v2-12b,outfox,0,,0,,0,,0,,0,,1,0,0,keep,The text is intact continuous prose with no pipeline damage present.,,31.03710428271761,1.1162378635307129,20.005948611236104,,+0+,+0+
2b64ded4-0a18-48b4-8d26-ddf63fa90c99,инструктивные,mixtral-8x7b,outfox,0,,0,,0,,0,,0,,1,0,0,keep,The text arrived completely intact without any pipeline damage.,,27.11502973502974,-18.883072138574907,5.220093103718247,1.0,+−0,+00
d878b3af-2e80-4df0-8cc1-619015aec69a,инструктивные,llama3-8b,reddit,0,,0,,1,"""In a nutshell, the multiverse theory seeks to provide a comprehensive explanation for the""",0,,0,,1,0,1,keep,Clean continuous prose text with only a minor repetitive closing summary sentence.,,29.951753784922264,-23.30519901153551,-8.735465224585472,1.0,+−0,+−0
4f5b0973-e2e6-4599-aecb-660964849e0b,инструктивные,gpt-3.5-turbo,roct,0,,0,,0,,0,,0,,1,0,0,keep,The document is completely undamaged and intact.,,26.870930507054258,-8.399229209949652,1.959931263666291,1.0,+00,+00
f02ca7fd-1a95-40a4-ae71-ece56e394fb7,инструктивные,text-davinci-003,outfox,0,,0,,0,,0,,0,,1,0,0,keep,The document arrived completely intact without any pipeline damage.,,26.079261079379503,-11.298279858477866,3.321692061293428,1.0,+−0,+00
358d6a6b-05f1-4d73-9527-bb3594419b07,инструктивные,dolly,peerread,0,,0,,0,,0,,0,,2,0,0,keep,The document is completely undamaged and intact peer-review feedback.,,32.086145428360936,-19.663701179226003,6.37850765762249,1.0,+−0,+00
9d6aed05-8e5f-4df3-b3e1-d198d73d5b89,инструктивные,opt_iml_30b,roct,0,,0,,0,,1,"- Lawrence replied"" I'd rather",0,,1,2,1,keep,The document is entirely intact aside from a single missing space before an open quote.,,18.6550239114909,44.01410254043101,58.85343062368351,2.0,+++,0++
d51afcb1-8dfc-4629-9841-1796aba1d8c5,инструктивные,opt_iml_30b,wp,0,,0,,0,,0,,2,according to this unknown..,1,1,1,keep,"Clean, intact fiction prose with only a minor truncated sentence at the very end.",,9.72687880498255,36.1435717256233,41.98226418403177,2.0,0++,0++
ce73d45f-8841-471b-a147-3f12152807e6,инструктивные,opt_iml_max_1.3b,sci_gen,0,,0,,0,,0,,0,,1,0,0,keep,The document is fully intact and clean of any processing damage.,,-2.199567116636325,17.720516991722267,27.405113642311573,2.0,0++,00+
f28dd9ad-7edd-4f8e-a9de-e99dfa594e26,инструктивные,text-davinci-003,roct,0,,0,,0,,0,,0,,1,0,0,keep,The prose document is completely undamaged and fully intact.,,41.024459027711984,-4.531664270697709,-8.874294300272819,1.0,+00,+00
b645666d-c909-4578-b5f7-194f3d5bf340,инструктивные,opt_iml_30b,squad,0,,2,"""1 Answer (s): Didn't answer Add your own answer here. Question: Which country did""",0,,0,,0,,2,0,2,keep-with-caveats,Q&A platform UI components and text fields were scraped into the end of the text.,,-16.825864499037905,21.381955394468186,13.41810523973983,2.0,−++,0+0
d61c61a9-28f9-40d5-be10-a9c004cfb00c,инструктивные,gemma2-9b-it,reddit,0,,0,,0,,0,,0,,1,0,0,keep,The document is undamaged and complete continuous prose.,,20.8191931753445,12.18421867834962,9.758163588524972,1.0,++0,+00
ec2c8ad8-7106-4bf9-b4f7-e3bb8085e7a4,инструктивные,bloomz,arxiv,0,,1,"""This is an open access article under the terms of the Creative Commons Attribution License""",0,,0,,0,,1,0,1,keep,Pipeline damage is limited to a single inline open-access license boilerplate line.,,11.923618442386545,17.257653215279984,27.602912020535957,2.0,+++,00+
92c685de-933f-441c-8370-86092afd7cb1,инструктивные,opt_iml_30b,wp,0,,0,,0,,0,,0,,1,2,0,keep,"The document is an undamaged, informal personal anecdote with no pipeline noise or extraction artifacts.",,14.108770386893966,61.0420201391627,46.97812325592664,2.0,+++,0++
103d3a83-265c-43c0-987a-134fff64f1ca,инструктивные,opt_iml_max_1.3b,tldr,0,,0,,0,,0,,0,,1,0,0,keep,The document is completely intact with no pipeline damage.,,10.748502748927182,8.522153763494417,8.969359055414596,2.0,+00,000
de724450-4372-4581-95be-425e1cfcbf35,инструктивные,opt_iml_max_1.3b,roct,0,,0,,0,,0,,0,,1,1,0,keep,The text is fully intact with no web extraction or pipeline damage.,,15.8816109383269,15.53745661129804,39.60926712877359,2.0,+++,00+
1d7219c4-ac6f-43aa-ba74-f8cd909d5f5f,инструктивные,opt_iml_30b,hswag,1,Review documents materials thoroughly using checklist provided below.,1,[substeps] To determine what kind,0,,1,Listing documentsmaterials - Assign a unique,1,Review documents materials thoroughly using checklist provided below.,2,1,2,keep-with-caveats,"Minor structural markers lost, a broken word, and a missing checklist at the truncated ending.",,2.568223694732196,28.149907320461526,36.967995907181034,2.0,0++,0++
6ebfe68c-72fd-4139-8842-973038df7c4b,инструктивные,bloomz,wikihow,1,"""In addition,......read more......more......more......more...""",1,"""In addition,......read more......more......more......more...""",0,,0,,0,,1,2,1,keep,"Contains minor scrape residue and an incomplete sentence from a truncated link, but the main content remains readable and intact.",,4.739684044184646,14.12005041044938,21.556660961191607,2.0,0++,00+
8077c435-05ca-4024-81ce-e89fe8691ea2,инструктивные,opt_iml_30b,tldr,0,,0,,0,,0,,0,,1,0,0,keep,The document is completely intact and free of any pipeline damage.,,20.528798964027352,31.33008704133637,48.88444269161219,2.0,+++,+++
7c8eb956-2608-4144-8c78-02748f601673,инструктивные,gemma2-9b-it,reddit,0,,0,,0,,0,,0,,1,1,0,keep,The document is undamaged and complete.,,20.53990960016709,7.296581485158413,22.501225080393866,1.0,+0+,+0+
584af67a-72ab-41ee-aae2-857a8b467c95,инструктивные,opt_iml_max_1.3b,sci_gen,0,,0,,0,,1,4) reduced spacing andor thickness,0,,2,0,1,keep,"The document is completely intact with only a single minor typographical artifact (""andor"").",,14.468127131461753,31.300748344977887,43.85534868947504,2.0,+++,0++
d377d5a9-c0b4-4d56-a584-75224bb15f4c,инструктивные,flan_t5_large,wp,0,,0,,1,"""Its not an easy book, but it is very simple. It's not an easy book,""",0,,0,,1,2,1,keep,"Contains a minor mechanical duplicate sentence fragment, but the text is otherwise fully intact.",,16.856322351363982,5.085674231469544,-20.407974733800817,,+0−,00−
de2133d1-3bd9-4f32-a25e-6690c6bf8bfa,инструктивные,mixtral-8x7b,outfox,0,,0,,0,,0,,0,,1,2,0,keep,The document arrived undamaged; its grammatical flaws and fragmented sentences are original writing.,,5.191816168887088,24.833345181704345,-6.2969746549726775,1.0,0+0,0+0
b5db12ba-f2b7-412d-aded-104213283ec4,инструктивные,gpt-3.5-turbo,roct,0,,0,,0,,0,,0,,1,0,0,keep,The document is completely intact with no pipeline damage.,,21.186478337105676,10.298011324230428,-4.075375776593029,1.0,++0,+00
5adb0f70-dd49-4ba2-99a9-9d1c4817fc61,инструктивные,text-davinci-002,wp,0,,0,,0,,0,,0,,1,1,0,keep,The narrative is intact with no pipeline damage present.,,6.496629484386957,9.124504047270792,-7.966726920259952,1.0,000,000
09717301-5701-4470-9024-dcd70713f654,инструктивные,llama3-70b,reddit,0,,0,,0,,0,,0,,1,2,0,keep,"The document is completely undamaged text written in a conversational, informal style.",,-4.842970233209383,14.776169124469702,-17.517032116598564,1.0,0+−,000
1189199e-9ad7-4459-88f9-e8870a4478a4,инструктивные,dolly,wikipedia,0,,0,,0,,1,near aunique cave,2,"Moloda Hora"" (old town), ""Komarno"", and ""Kosiv"". The",1,0,1,keep,"Clean, intact text with only one minor missing space and an incomplete final sentence.",,1.4773318669449484,14.947797548577372,6.4815744959662,1.0,0+0,000
20bb27d7-9d03-4320-8c85-14dee38762b9,инструктивные,mixtral-8x7b,outfox,0,,0,,0,,1,""" reaction time  The complete removal""",0,,1,2,1,keep,"Minor isolated missing full stops and double spaces from stripped punctuation/formatting, otherwise intact.",,-4.2479228292501165,6.285622175621315,2.827474951661333,1.0,000,000
9260f60e-2812-4016-a2c9-c5c4a190a7c5,инструктивные,flan_t5_xl,squad,0,,0,,0,,3,,2,"""The Panthers offense, which led the NFL in scoring (500 points), was loaded with""",1,0,4,drop,The text collapses after the first sentence into severe machine tokenisation and parser garbage.,chars: нет цитаты,-14.894241816603303,32.635371995273225,-14.733596196663443,,−+−,0+0
d6a7acd8-cd01-40bf-b989-18d2b8033613,инструктивные,gpt4o,outfox,0,,0,,0,,0,,0,,2,0,0,keep,The document arrived completely intact with no pipeline damage.,,8.511844010040557,16.354866404419337,6.512528523289923,1.0,0+0,000
57fd3bf4-2839-4b83-bcc9-af8da48fa110,инструктивные,dolly,peerread,0,,1,Here is a link to the arXiv preprint for the paper: https://arxiv.org/abs/1901.01244,0,,1,This is notFDD.,1,The server also outputs,1,0,1,keep,"Minor cut end and a glued typo (notFDD), but otherwise clean text.",,6.269741899479353,6.8604598395557606,2.729661963283667,1.0,000,000
996bb3c6-cd90-43d6-9eea-3d0521e152a6,инструктивные,text-davinci-003,tldr,0,,0,,0,,0,,0,,1,0,0,keep,The document is completely clean and undamaged prose.,,15.881644139455176,-10.219656748879672,11.017481930349271,1.0,+−+,000
4c86bac9-1208-48f7-8614-ed6983438153,инструктивные,gpt-3.5-turbo,peerread,0,,0,,0,,0,,0,,2,0,0,keep,The document is undamaged and complete.,,9.771010929315931,-9.868976788755091,6.937721962292864,1.0,000,000
ee1d4c0d-d19f-44e7-a78e-055ca464fcda,инструктивные,bloomz,arxiv,0,,1,"""experiments such as SNAP satellite project. Introduction:-The discovery""",0,,0,,1,"""leads to additional effects beyond those predicted by general relativity [19] - [21].""",2,0,1,keep,"Minor missing paragraph boundary between abstract and introduction, and cuts off at the end of the intro.",,-15.14276559421873,-18.41710314600424,7.062083442518411,2.0,−−0,000
a32982a8-1b99-43b6-bda0-659475378ecc,инструктивные,gemma2-9b-it,reddit,0,,0,,0,,0,,0,,5,1,0,keep,The document is completely undamaged and arrived fully intact.,,23.187694518847344,-12.166570369358087,9.505869075638758,1.0,+−0,+00
9779e52b-df96-40cc-873b-0fd04eb6855b,инструктивные,text-davinci-003,outfox,0,,0,,0,,0,,0,,1,0,0,keep,The document is completely undamaged and arrived fully intact.,,22.493532639938326,-15.517972259617164,13.20633870965478,1.0,+−+,+00
aba99f53-3589-4079-accb-936be979369f,инструктивные,opt_iml_max_1.3b,xsum,0,,1,Media playback is not supported on this device,0,,0,,0,,1,1,1,keep,"Contains a single, minor media-player UI artifact at the start of the article text.",,9.976546181343906,1.9172071977785123,16.893387172675077,2.0,00+,000
f863f55d-ba43-4d25-be67-2ed4be684370,инструктивные,gemma2-9b-it,reddit,0,,0,,0,,0,,0,,1,0,0,keep,The text is undamaged prose that arrived fully intact.,,8.57546097223924,-4.065650571762229,10.632241756100052,1.0,00+,000
7db74e26-18d4-4c0d-9831-734f0f8267dc,инструктивные,text-davinci-003,roct,0,,0,,0,,0,,0,,1,0,0,keep,The document is completely intact narrative prose with no pipeline damage.,,11.149933756181646,-10.514864330425594,8.419646207354372,1.0,+−0,000
85a0081a-69a4-4be1-8430-628fd90e8060,инструктивные,gpt4o,peerread,0,,0,,0,,0,,0,,2,0,0,keep,The document is completely intact without any pipeline damage.,,13.472008487985743,-27.101449546633187,9.816620379423195,1.0,+−0,0−0
6840e319-ea27-43f6-a92e-6e3a5489c5c4,инструктивные,llama3-8b,wikihow,0,,0,,0,,0,,2,"- You'll see some of these results be returned, giving you an idea of what",2,0,1,keep,The article is clean and complete except for breaking off mid-sentence at the very end.,,13.931478606642802,-10.527767874936066,9.25923997288097,1.0,+−0,000
623ff54f-cd8d-436c-946d-9117cfd3bd38,инструктивные,gemma-7b-it,outfox,0,,0,,0,,0,,0,,2,0,0,keep,The document is fully intact with no pipeline damage present.,,14.748946832996346,-10.722917384066864,15.381606635606753,1.0,+−+,000
de8c0503-7c78-46c0-91ad-0e094218a0e2,инструктивные,gpt4o,outfox,0,,0,,0,,0,,0,,2,0,0,keep,The text is fully intact with perfect structure and no pipeline damage.,,24.726285422769593,-5.901091072946282,11.88327618925765,1.0,+0+,+00
5331e10a-7c79-4e18-9df9-fdd198997275,инструктивные,gemma2-9b-it,reddit,0,,0,,0,,0,,0,,2,1,0,keep,The document is completely intact and free of pipeline damage.,,13.890305509309062,2.9830563613879297,12.346070281680667,1.0,+0+,000
aa3c4e4d-613c-4c34-8b2d-5dfb49446f18,инструктивные,gpt-3.5-turbo,roct,0,,0,,0,,0,,0,,1,0,0,keep,The short story is intact and entirely free of web scraping or pipeline damage.,,13.939564740489352,-10.190254502898249,11.10121163268285,1.0,+−+,000
6a609d03-d768-4403-82e5-e6105bf6fed5,инструктивные,gemma-7b-it,wikipedia,0,,0,,0,,0,,0,,2,0,0,keep,The document is fully intact and completely free of extraction defects.,,-7.059463864008957,-20.898584809722145,-11.765184621532365,1.0,0−−,0−0
94a487e4-fb52-4108-98e1-e7b0135cdb08,инструктивные,gemma-7b-it,wikipedia,0,,0,,0,,1,"""John Sparks is an American politician serving",0,,2,0,1,keep,The document is fully intact except for an isolated stray opening quotation mark at the beginning.,,2.0584762843187705,-24.182268368069096,-12.295660863021954,1.0,0−−,0−0
30e92ec9-2d4d-40ea-af7f-e6ea03aa4250,инструктивные,gpt-3.5-turbo,tldr,0,,0,,0,,0,,0,,1,0,0,keep,The document arrived completely intact with no pipeline damage.,,-0.800937365165509,-20.995243918504915,-11.826467652350193,1.0,0−−,0−0
daf0bcc7-32f3-4bab-ae7f-bb5f0d56613e,инструктивные,mixtral-8x7b,outfox,0,,0,,0,,1,selectingthe,0,,1,2,1,keep,The text is informal and typo-heavy human writing with only a single minor spacing glitch from processing.,,-4.56237975175778,-7.972433166543904,-5.447322375394507,1.0,000,000
f004664d-b815-4b2e-a177-ac8245f4de92,инструктивные,gemma2-9b-it,wikihow,0,,0,,0,,0,,0,,2,0,0,keep,The document is completely intact with no pipeline damage.,,-14.644820915536622,-16.239826881439964,-21.212697214318553,1.0,−−−,00−
e20908b9-b81b-4bfb-94ed-b3bbdfa828b8,инструктивные,gpt4,reddit,0,,1,"""psychology. 1. Genetics: Research has shown""",0,,0,,0,,5,0,1,keep,"Inline paragraph/list break separators were lost, running numbered points into continuous text.",,-2.2248408924772507,-8.010935164108725,-15.503749249841553,1.0,00−,000
66c3040d-67f3-446e-b260-beef62d8cc39,инструктивные,gemma-7b-it,outfox,0,,0,,0,,0,,0,,1,1,0,keep,The document is entirely intact with no scraping or pipeline corruption.,,-10.058246201665616,-15.84940975166541,-18.791570873647707,1.0,−−−,000
9c30da9f-0cf7-42b7-82b4-fcb67d36343a,инструктивные,gpt4,wikihow,0,,0,,0,,0,,0,,5,0,0,keep,The document is completely intact with no pipeline damage.,,-0.5535663536011882,-19.053700083022353,-22.549017261425224,1.0,0−−,00−
4a66a507-1fa2-4217-bd0b-7efe03a35b58,инструктивные,gpt4o,peerread,0,,0,,0,,0,,0,,2,0,0,keep,The generated sample peer review is completely intact without any pipeline damage.,,4.817226140558729,-25.93239298991149,3.900497178966439,1.0,0−0,0−0
c42ecea8-2c75-4b43-b757-30fcdf53d175,инструктивные,text-davinci-003,outfox,0,,0,,0,,0,,0,,1,0,0,keep,The document is fully intact and clean with no extraction or processing damage.,,15.3853831666077,-15.931651239624111,-4.249877621013615,1.0,+−0,000
30233d7b-7809-4a5e-bc82-1c580cff16f9,инструктивные,gpt-35,finance,0,,1,"""charges.Here are some steps you can take""",0,,0,,0,,1,0,1,keep,Minor missing space between two sentences due to dropped paragraph/list spacing.,,6.36261920595712,-25.034941483806257,-26.378479865048156,1.0,0−−,0−−
3d23f73c-4aa5-4093-a1dc-6dcf7c4932c8,инструктивные,gpt-3.5-turbo,peerread,0,,0,,0,,0,,0,,1,0,0,keep,The document is completely undamaged and fully intact.,,0.8040377886504201,-26.53817565047359,-22.502975888583254,1.0,0−−,0−−
0e9ee82d-ef4b-4637-a142-e4d75f792fbf,инструктивные,gpt-35,medicine,0,,0,,0,,0,,0,,1,0,0,keep,The text is undamaged and fully intact with no pipeline artifacts.,,-6.440833408409106,-20.62268022060928,-9.941589174147497,1.0,0−0,0−0
259abdda-a189-4ec4-8fbd-716ac79c76f0,инструктивные,gpt4,wikipedia,0,,0,,0,,0,,0,,1,0,0,keep,The document is fully intact with no pipeline damage present.,,-6.564010668601729,-19.958034131415996,-33.24274444021349,1.0,0−−,00−
34d403e0-716d-4bc1-beb7-4c9986dc985e,инструктивные,cohere,reddit,0,,0,,0,,0,,0,,1,0,0,keep,The document is completely undamaged and free of web pipeline artifacts.,,-1.7753460128275795,-27.523611307908723,-37.09195533066845,1.0,0−−,0−−
a9a1e955-a3cb-466f-8f22-52b548a88870,инструктивные,flan_t5_large,sci_gen,0,,0,,1,"""The exact bidding strategy is based The exact bidding strategy is based""",0,,0,,1,2,1,keep,"Contains a minor mechanical duplicate phrase, but otherwise intact scraped prose.",,-11.662135934352552,-13.430542222532033,-43.16893054780438,,−−−,00−
ff00de15-c862-4530-bd8c-0ce062051958,инструктивные,gpt-35,finance,0,,0,,0,,1,business.If you are,0,,1,0,1,keep,The document is fully intact except for a single missing space between two sentences.,,-4.842276942373446,-21.95965811638045,-33.933540526055964,1.0,0−−,0−−
ef526046-a7f1-42c2-948b-7f022118b956,инструктивные,gpt-35,finance,0,,0,,0,,1,insurance.To claim the deduction,0,,1,0,1,keep,Perfect prose with only a single missing space between two sentences.,,-7.1971023949469,-25.21685134654318,-50.04505778924286,1.0,0−−,0−−
615beaa6-24ce-455d-b60a-550f5234dc1d,инструктивные,gpt-3.5-turbo,arxiv,0,,0,,0,,0,,0,,1,0,0,keep,The document is completely intact prose with no pipeline damage.,,-5.425460530780776,-23.502635056167524,-39.75828054423201,1.0,0−−,0−−
073bde73-aecf-4802-8c7f-52399a4abdfe,инструктивные,gpt-35,wiki_csai,0,,0,,0,,0,,0,,1,0,0,keep,The text is undamaged prose with no signs of pipeline corruption.,,-12.167836037915684,-26.365680808007504,-37.48282052397771,1.0,−−−,0−−
54f9de41-3e32-46d2-bd6c-8ad620879a56,инструктивные,gpt-35,reddit_eli5,0,,1,demand.Rarity: Diamonds and other precious stones,0,,0,,0,,2,0,1,keep,Minor line break loss running headings into preceding sentences without spaces.,,-9.891645447276334,-24.222740441004788,-32.820585294619555,1.0,0−−,0−−
7f6ac4f8-7c43-4c1c-9981-225e105e3839,инструктивные,gpt-35,finance,0,,1,"""refinancing.To refinancing your car loan""",0,,2,"""refinancing.To refinancing your car loan""",0,,2,0,2,keep,"Missing spaces between sentence boundaries (after full stops) occur systematically throughout the text, but the prose remains fully readable.",,-9.119353847289396,-20.303623096918493,-32.77203168651886,1.0,0−−,0−−
519f59a5-9672-4c65-b6ee-afd561fe4db6,инструктивные,mixtral-8x7b,arxiv,0,,0,,0,,0,,0,,1,0,0,keep,The document arrived completely intact with no pipeline damage.,,7.074649414975913,-20.936886922438628,-29.444712122140203,1.0,0−−,0−−
8c35783d-24af-4c54-9c9b-e5d73d789256,инструктивные,cohere,arxiv,0,,0,,0,,0,,0,,1,0,0,keep,The document is completely undamaged and preserved as clean continuous prose.,,2.747625559064808,-15.194694932354036,-31.955808642403245,1.0,0−−,00−
aba5a583-f764-401a-a139-732e8a33d340,инструктивные,cohere,wikipedia,0,,0,,0,,0,,0,,1,0,0,keep,The document arrived completely intact with no pipeline damage.,,-1.7854988421040243,-41.448818742028614,-20.627993546416484,1.0,0−−,0−−
5cee4610-a9a4-4f0a-9341-c9783ab1d4f5,инструктивные,gpt4,peerread,0,,0,,0,,0,,0,,1,0,0,keep,The document arrived completely intact with no pipeline damage.,,-1.9175535283388565,-33.55544032437115,-21.353229509950207,1.0,0−−,0−−
1c60ef0b-e7cd-4839-a782-0d4b9559888d,инструктивные,gpt4,peerread,0,,0,,0,,0,,0,,2,0,0,keep,The text is an undamaged summary and review of an academic paper with intact structure and clean extraction.,,5.378675647514583,-34.03333714272483,-18.20724992554787,1.0,0−−,0−0
c992005a-b45f-4ad5-94ce-a259cd877600,инструктивные,llama3-8b,wikihow,0,,0,,0,,2,"- ""Launch Slinger and tap the \""Sign Up\""",2,"""To like a video",3,0,2,keep-with-caveats,"Quotes around every step contain escaped internal double quotes, and the text breaks off mid-sentence at the end.",,5.706231558947521,-36.92529756231578,-28.02769379168142,1.0,0−−,0−−
76671638-2060-471c-93c8-c3c0a209533c,инструктивные,gpt-35,medicine,0,,0,,0,,0,,0,,1,0,0,keep,The document is fully intact with no pipeline damage present.,,3.6218244286770624,-33.37983972652167,-27.666197706393547,1.0,0−−,0−−
be5a1fb7-46c0-45c7-9417-d8ee2764395d,инструктивные,mixtral-8x7b,arxiv,0,,0,,0,,0,,0,,1,0,0,keep,The document is an undamaged abstract/summary with clean prose and valid LaTeX formatting.,,2.156274255602671,-40.89981711688233,-25.504166270284266,1.0,0−−,0−−
f8b00a72-8ae2-43ab-95b2-8ab8f6d09129,инструктивные,dolly-v2-12b,outfox,0,,1,"""}](#secpagebar",2,I agree that students should design their own summer projects,0,,0,,1,0,2,keep-with-caveats,The document contains a minor leftover code artifact and a near-verbatim repeated paragraph.,,16.426576930320138,-46.921407822692224,-27.831384252224904,,+−−,0−−
6f600d7a-a85a-4a71-9bed-a649a4ed0492,инструктивные,gpt-35,finance,0,,1,"""explanations:Relationship discounts: Many""",0,,0,,0,,5,0,1,keep,"Paragraph breaks were lost when scraping list items, causing headers to run into sentences.",,14.935323216717558,-34.658119145976904,-22.19904541153854,1.0,+−−,0−−
f5414db2-622b-4994-9ed3-aec70377d5ab,инструктивные,gemma-7b-it,wikipedia,0,,0,,0,,0,,0,,2,0,0,keep,"The document is clean, undamaged, and complete markdown prose with standard formatting.",,9.348513356387592,-34.281052065742465,-12.399679357602365,1.0,0−−,0−0
de8e8ffc-6fca-4c34-ad1c-a8bb0680ebd7,инструктивные,gpt-3.5-turbo,peerread,0,,0,,0,,0,,0,,2,0,0,keep,The document is completely intact and free of pipeline processing errors.,,9.87531421828828,-35.81638037474547,-7.68620207936384,1.0,0−0,0−0
d8d2a125-c9a2-48ea-b042-826d9aa55f4e,инструктивные,cohere,arxiv,0,,0,,1,"Our results suggest a new way of understanding the critical dynamics of Ising chains,",0,,0,,1,0,1,keep,"A single duplicate sentence appears at the end of the text, but it is otherwise clean and undamaged.",,2.59877655216185,-33.058094762911125,-25.517696186546424,1.0,0−−,0−−
0f16eb9b-8329-4660-bf5a-82e215f266d5,инструктивные,gpt-3.5-turbo,peerread,0,,2,"""Peer Review: The paper proposes a new approach - Generative Paragraph Vector (GPV)""",0,,0,,0,,2,0,2,keep-with-caveats,Peer review text from the web page has been appended to the document body.,,12.879475519071011,-37.486329085990306,-19.946691894255537,1.0,+−−,0−0
16c48a20-9f20-41b1-81ff-e5b1657ea9db,инструктивные,text-davinci-002,eli5,0,,2,"`}, { id: 102, question: 'Why does reddit hate comic sans?', answers:`",3,`Because it's for a fucking comic. Not a website for a company.`,2,`map (question { return Question.create (question); ; }`,0,,4,2,4,drop,Scraped array objects containing verbatim repeated text are mixed with broken source code syntax.,,2.415040181226232,-58.03670823947235,-23.828912462792605,1.0,0−−,0−−
57a44ba6-7d0b-4951-8d2e-22ba3a44fa5f,инструктивные,gpt-35,reddit_eli5,0,,0,,0,,0,,0,,1,0,0,keep,"The document is clean, intact continuous prose with no pipeline damage present.",,5.024427417531493,-31.613052919853136,-30.816525298639384,1.0,0−−,0−−
2bcc817d-36cd-491e-abbc-c1e231e765f9,инструктивные,gpt-3.5-turbo,peerread,0,,0,,0,,0,,0,,2,0,0,keep,The document is fully intact with no pipeline damage present.,,-1.6302431954957353,-31.004220062076797,-32.144733519381546,1.0,0−−,0−−
491920e0-d768-4c98-be5a-c254e2b20e1f,инструктивные,gpt-35,wiki_csai,0,,0,,0,,0,,0,,2,0,0,keep,"The document is clean, intact standard prose with headings and lists, showing no pipeline damage.",,-8.768761675496815,-38.3068574484242,-16.45662921207734,1.0,0−−,0−0
835132a1-9ad5-4fd3-a21b-b7bee8cb9ad4,инструктивные,gpt-35,reddit_eli5,0,,0,,0,,0,,0,,1,1,0,keep,The text is completely intact and free of pipeline processing errors.,,-2.9878217032070093,-28.93250632361885,-33.53401241550274,1.0,0−−,0−−
dcf6f80b-52ba-43ed-89aa-383a989c7111,инструктивные,gpt-35,reddit_eli5,0,,0,,0,,0,,0,,1,0,0,keep,The document is completely clean and undamaged prose.,,7.599931748161086,-31.34358235370228,-33.43617967804988,1.0,0−−,0−−
8c93550a-b978-438c-8b20-7b03a69b722c,инструктивные,gpt-35,finance,0,,1,"""while collecting dividends from your stocks:Buy a call option:""",0,,0,,0,,1,0,1,keep,"List separators were lost during parsing, causing the bullet points to run directly into the preceding text.",,2.77235963371036,-38.18577533297733,-32.90699636146383,1.0,0−−,0−−
e3f77f5d-9217-41ad-a34b-5a0ea8f125dc,инструктивные,cohere,arxiv,0,,0,,0,,1,- 19 km s − 1,0,,1,0,1,keep,"Excellent scientific abstract with only tiny, isolated spacing glitches around negative signs.",,0.3149958131409608,-32.89859606021475,-43.28423224005004,1.0,0−−,0−−
26c08932-de58-4fd7-9d1c-ae7b0aac90d1,инструктивные,gpt-35,wiki_csai,0,,0,,0,,0,,0,,2,0,0,keep,The text is fully intact with no pipeline damage present.,,-16.669392262686802,-43.23947342301784,-42.1333236195993,1.0,−−−,0−−
717e1dc4-7a7a-4914-90a0-94a744a7b97f,инструктивные,gpt-35,wiki_csai,0,,0,,0,,0,,0,,1,0,0,keep,The text is intact and completely undamaged by the processing pipeline.,,-15.724847077402174,-45.83484044961983,-54.3250085735088,1.0,−−−,0−−
fec506fb-00bc-45ea-a6da-d6f3cfc9fd04,инструктивные,gpt-35,finance,0,,1,"""including:The amount of money you have to invest in stocks initiallyThe rate of""",0,,1,"""including:The amount""",0,,1,0,1,keep,Minor formatting artifacts where line breaks or spaces were lost around list items.,,0.7375574870590614,-22.261816905893177,-29.492642111482414,1.0,0−−,0−−
22af918e-74ad-4d21-b6d2-dc1a7a5328b2,инструктивные,llama3-70b,wikihow,0,,0,,0,,2,skin.The skin option allows you to change to color,0,,3,0,3,keep-with-caveats,Systematic missing spaces after periods between headings/steps and their descriptions throughout the text.,,-9.971164353835087,-17.191011118170973,-33.21631970534512,1.0,0−−,00−
2ae6e672-9258-48ee-a731-c709a4c4bf11,инструктивные,mixtral-8x7b,wikihow,0,,0,,0,,0,,2,Ensure the,1,1,2,keep-with-caveats,The text is undamaged prose that breaks off mid-sentence at the very end.,,-2.3138885062306365,-17.17001956616276,0.0918617204787062,1.0,0−0,000
77aebefc-b360-4bc7-8103-932b1bf448f1,инструктивные,gpt-35,finance,0,,1,"""involve cashier's checks:Overpayment Scam: In this scam""",0,,0,,0,,1,0,1,keep,Minor whitespace loss running section titles directly into preceding sentences.,,-6.270640957063707,-38.24443657725771,-37.49405256727251,1.0,0−−,0−−
2a2930a9-a5b4-40cd-9979-8469b7aa3b15,инструктивные,gpt-3.5-turbo,peerread,0,,0,,0,,0,,0,,2,0,0,keep,The paper review document is completely intact with no pipeline damage present.,,-4.563432832712445,-33.663328482418386,-39.13198204822284,1.0,0−−,0−−
dda7308b-f45e-495a-bffc-1d636f4055c7,инструктивные,text-davinci-003,sci_gen,0,,0,,0,,0,,0,,1,0,0,keep,The text is undamaged prose from a technical paper abstract or introduction.,,6.851880882883248,-36.97152040550618,-33.92273304236781,1.0,0−−,0−−
159f7873-2785-4287-91a7-6b0d080467a2,инструктивные,llama3-8b,wikipedia,0,,0,,0,,0,,1,The St. Joseph Catholic Church remains an active parish in Kansas City,2,0,1,keep,The document is intact except for a missing period at the very end of the text.,,-12.628110572784978,-36.26277053219126,-29.811426792942044,1.0,−−−,0−−
ce2b0dd8-c29e-4217-98df-f752beadbcf2,инструктивные,gpt-35,reddit_eli5,0,,0,,0,,0,,0,,3,0,0,keep,The text is undamaged and complete.,,-12.082164338419812,-38.09834197433936,-31.474856855171545,1.0,−−−,0−−
a9c39589-71d4-4990-a339-e52ff1487cc5,инструктивные,dolly,peerread,0,,0,,3,"""Addresses the problem of generating answers to open-domain questions given a question and supporting evidence.""",0,,0,,1,0,3,keep-with-caveats,The same peer review text is repeated mechanically three times back-to-back with minor variations.,,17.67408981559121,-47.537457073432535,-39.32297535145453,1.0,+−−,0−−
49c0a0bb-03e8-43e6-a253-a95676f27033,инструктивные,gpt-35,finance,0,,0,,0,,1,investment.One way to compare,0,,1,0,1,keep,The document is completely intact except for a single missing space between two sentences.,,1.626268739484582,-39.437557069407006,-30.110262897562336,1.0,0−−,0−−
39b456a7-7a7c-438c-b05b-ed3e5c2d6b69,инструктивные,gpt4o,wikihow,0,,0,,0,,0,,0,,2,0,0,keep,The text is pristine and completely undamaged by the extraction pipeline.,,-17.076999374382844,-13.225486156303251,-10.499815288965188,1.0,−−−,000
cf8cc78e-6b8d-458e-80cc-df4379170b60,инструктивные,gemma2-9b-it,wikipedia,0,,0,,0,,0,,2,"Mehmed Pasha died in 1530, likely due to",2,0,2,keep-with-caveats,"The article is clean and well-formatted, but abruptly cuts off mid-sentence at the very end.",,-20.38809198457745,-21.07797352674381,-23.18353996433644,1.0,−−−,−−−
270d6941-45ab-4515-b7b0-2351eaa5a5e2,инструктивные,dolly,arxiv,0,,0,,0,,0,,0,,2,0,0,keep,The document is fully intact and completely free of pipeline damage.,,-16.936943840788725,-10.874318135199625,-5.922746227886712,1.0,−−0,000
cc71aeb4-b59d-40e5-9e1b-2159a20de19b,инструктивные,text-davinci-002,xsum,0,,0,,0,,0,,0,,1,0,0,keep,The document is undamaged continuous prose with no pipeline artifacts.,,-19.21474109084372,-18.649632605174105,-18.43883761386235,1.0,−−−,000
b8b53113-e0c4-437d-914b-e88937e06189,инструктивные,gpt4,wikihow,0,,0,,0,,0,,0,,3,0,0,keep,Cleanly extracted list article with no pipeline artifacts or missing text.,,-31.92326395828295,-17.061060992003995,-11.317715034212696,1.0,−−−,−00
8edd2345-2ce9-4b46-97e7-365dee4a0b4f,инструктивные,gpt4o,wikihow,0,,0,,0,,0,,0,,2,0,0,keep,"The document is complete, clean, and completely undamaged by the processing pipeline.",,-19.56249936313083,-22.674245579221857,-9.595559840715142,1.0,−−0,0−0
43e83fc9-3cfc-4f89-8b47-6abb8f02a5d7,инструктивные,text-davinci-002,hswag,0,,1,[substeps] Make a couple of offerings,0,,0,,2,[substeps] Make a couple of offerings,3,0,2,keep-with-caveats,"Internal website step markers are unparsed and the text starts abruptly mid-section, but the instructional content remains readable.",,-27.3448339594681,-30.45988070335727,-24.399617959549197,1.0,−−−,−−−
860b4022-168b-4866-b7fb-e6b1005a4f37,инструктивные,gpt4,wikihow,0,,0,,0,,0,,0,,3,0,0,keep,"The document is clean, intact, and completely undamaged by processing.",,-17.674018395419715,-20.503266547810963,-9.554034765461624,1.0,−−0,0−0
794dd925-8887-423d-9806-6093c8632653,инструктивные,dolly,arxiv,0,,0,,0,,1,3.4×1038 [W] respectively.,0,,1,0,1,keep,Minor exponent formatting issue in scientific notation (1038 instead of 10^38).,,-19.618083334250976,-12.442203646460728,-20.273916577703723,1.0,−−−,00−
622710f4-c24f-4e55-ae8b-e38d92439c9d,инструктивные,gemma2-9b-it,reddit,0,,0,,0,,0,,0,,2,1,0,keep,"The text is an undamaged, informal historical summary with clean markdown formatting.",,-25.405196494687193,-8.585508278647918,-11.245517491654132,1.0,−0−,−00
b4daa355-57b7-4093-85aa-4b2f59e484bb,инструктивные,llama3-70b,wikihow,0,,0,,0,,0,,0,,3,1,0,keep,"The document is an undamaged, step-by-step instructional guide that arrived completely intact.",,-21.024316977618746,-2.775037743553081,-28.587336274252532,1.0,−0−,−0−
4933c920-8c0f-4585-8612-b43fa173adb8,инструктивные,flan_t5_small,eli5,0,,0,,3,"""They convert it to HD using the original film master, not the TV broadcast.""",0,,1,"""so it can be scanned so it can be scanned so it can be scanned...""",1,1,4,drop,Mechanical duplication loop dominates nearly the entire text and destroys its value as training data.,,-71.60365867180384,-6.4923986494975106,-85.97724578384157,,−0−,−0−
1aa3a538-9eeb-4eeb-845d-6b9f8fd3dfb7,инструктивные,gpt-35,finance,0,,1,"""declines from its peak value.For each drawdown period""",0,,0,,0,,3,0,1,keep,"Sentence and list section breaks were stripped, running a few words together without loss of content.",,-28.764053177086268,-29.847908793153227,-59.45613787325071,1.0,−−−,−−−
51196733-b55e-40e7-a27e-51e86e57eb64,инструктивные,flan_t5_xxl,tldr,0,,0,,3,"""This article tells the story of how a team generated a massive amount of data""",0,,0,,1,0,4,drop,The document consists almost entirely of mechanical repetition of the same introductory sentence and variations.,,-61.9876169426986,-29.11113209900512,-89.02828285777011,1.0,−−−,−−−
2952bff2-668f-464d-b8de-d68ba35f30d2,инструктивные,gpt4o,reddit,0,,0,,0,,0,,0,,1,2,0,keep,"The document is completely undamaged by the scraping pipeline; it is informal, conversational human prose preserved intact.",,-24.336275654908903,-21.14638443277307,-29.07166340731189,1.0,−−−,−−−
30e0d5ed-5961-4910-a2e8-88322e4a6bb9,инструктивные,flan_t5_xxl,yelp,0,,0,,0,,0,,0,,1,3,0,keep,"The repetitive, incoherent text is human word-salad rather than pipeline damage.",,-58.50398207424893,-16.267279812584174,-83.11822899084558,1.0,−−−,−0−
70430197-a7b1-42e3-8e05-b8759551bd68,инструктивные,llama3-8b,outfox,0,,0,,0,,0,,1,"""or baseball is cool to. When we have sports like that people stay out of trouble more.""",1,2,1,keep,"The pipeline processing is clean, with only a minor incomplete thought/dangling clause mid-text.",,-31.28544701666923,-1.983200722867851,-37.9351494568745,1.0,−0−,−0−
f8f50c7f-5b5e-4df0-a404-1aa3122c2604,инструктивные,gemma-7b-it,wikihow,0,,0,,0,,0,,2,Use present,5,1,2,keep-with-caveats,The text is undamaged internally but cuts off mid-sentence at the very end.,,-36.885254212663696,-20.384643936082224,-39.75587089332489,1.0,−−−,−−−
7747c273-01fa-4bd3-9360-f5c5d524b29d,инструктивные,gemma-7b-it,wikihow,0,,0,,0,,0,,0,,3,1,0,keep,"The document is an undamaged, step-by-step instructional list.",,-32.75111962594367,-4.085594260251926,-16.895182876944165,1.0,−0−,−00
1d4e9544-a095-47ab-bb44-b787f6b9178b,инструктивные,gemma2-9b-it,wikihow,0,,0,,0,,1,"""baby on your lap, his/her face in front of yours.,""",1,"""Singing songs, reading books, and playing peek-a-boo are all great""",3,1,1,keep,Minor truncation at the very end and a couple of stray punctuation marks.,,-18.026733307297615,-15.450578848167254,-14.040667017411597,1.0,−−−,000
1931f2a5-3290-4994-bd9e-48e93a121170,инструктивные,text-davinci-002,xsum,0,,0,,0,,0,,0,,1,0,0,keep,The text is fully intact with no pipeline damage present.,,-17.010272017845924,0.837215442391826,-3.276013534088402,1.0,−00,000
0edcdf8c-32ec-42d0-9fc4-89d1b0bf63dd,инструктивные,flan_t5_xxl,cmv,0,,0,,3,"""but I do what I can. However, recently, many of my friends have become vegetarians,""",0,,2,"""However, recently, many of my friends have become vegetarians, but I do what I""",1,1,4,drop,Mechanical text repetition dominates almost the entire text and it cuts off mid-sentence.,,-73.63393557439653,-24.382996820976604,-90.89892487644862,1.0,−−−,−−−
cf4db138-ef03-40e0-a5f1-ab7f97fec8d0,инструктивные,llama3-70b,wikihow,0,,0,,0,,0,,0,,2,0,0,keep,The document arrived completely intact without any extraction artifacts or damage.,,-29.448835028762783,-29.136816003921428,-39.31266222094129,1.0,−−−,−−−
e618ca1d-2265-4638-a069-675446478cd2,инструктивные,flan_t5_xxl,wp,0,,0,,3,"""the handle of the heavy metal door, wore the handle of the heavy metal door, wore""",0,,1,"""wore the handle of the heavy metal door, wore""",1,0,4,drop,Mechanical infinite loop repeating the same phrase dozens of times overpowers the short narrative.,,-80.33723336135935,-21.647298888676826,-88.79236319495809,1.0,−−−,−−−
dcb8c631-5975-46f5-9d1f-de90ef355270,инструктивные,flan_t5_xxl,squad,0,,0,,3,"""In 1998, the network began using a minimalist graphical identity, designed by Pittard""",0,,2,"""(promotions in 1998, the network began using a""",1,0,4,drop,"Extreme, degraded repetition loops throughout the text make it severely damaged training data.",,-48.84579791572605,-8.799873856150768,-78.24585939257194,1.0,−0−,−0−
321c0f90-db74-4cc5-9f1c-5b21d716c441,инструктивные,flan_t5_large,sci_gen,0,,0,,0,,2,"""formula1 1n. The ratio of length to volume is the formula2 1n.""",0,,1,0,3,keep-with-caveats,Mathematical formulas throughout the technical text have been systematically replaced by generic placeholder text.,,-24.000602001588383,-24.490796389587143,-56.824604425563805,,−−−,−−−
adc51dc7-e352-4724-8e3b-7da461fb501c,инструктивные,flan_t5_xxl,sci_gen,0,,0,,3,"""in the context of outdoor home outdoor home, in the context of outdoor home""",0,,1,"""in the context of outdoor home outdoor home,""",1,0,4,drop,Extreme mechanical repetition overwhelms the text and corrupts the end of the document.,,-67.9415459247361,-29.53044568406335,-86.42547216103343,1.0,−−−,−−−
84f168bb-376d-4f0b-a6f4-f875f27e12d6,инструктивные,flan_t5_xxl,wp,0,,0,,3,"""something that was something that was something that was something that""",0,,1,"""something that was something that was something that""",1,0,4,drop,Mechanical infinite-loop repetition dominates almost the entirety of the document.,,-63.026796117185846,-17.366847295926306,-85.1525138622589,1.0,−−−,−0−
18742e03-0cf8-4de0-a216-78cbe372ce52,инструктивные,dolly,wikipedia,0,,2,"""++] end of text. created 1991 benefit above text""",3,"""created 1991 benefit above text created 1991 benefit above text""",0,,0,,1,0,4,drop,"A short text block is followed by extreme, mechanical repetition of junk boilerplate.",,-40.660877471882074,-33.082877652369014,-75.97115211085841,1.0,−−−,−−−
c7790cef-f350-43eb-a636-3d1dd2feb6c0,инструктивные,flan_t5_xl,roct,0,,0,,3,"""Adele is a singer of Adele. Adele is a singer of Adele.""",0,,0,,1,3,3,keep-with-caveats,Heavy mechanical loop repetition of the same sentence dominates the latter half of the document.,,-75.57517598666539,-33.56069882983904,-85.17368346342012,,−−−,−−−
415d950c-8d7a-44cc-ae8f-f36a08bff26e,инструктивные,flan_t5_xxl,hswag,0,,1,"""[substeps]""",3,"""If you're looking If you're looking If you're looking""",0,,2,"""prepare the meal together for more of a feeling of togetherness. [substeps] If you're looking If you're looking If Surprise your significant other with""",1,0,4,drop,Extreme mechanical repetition of text fragments and web scraper tokens renders the document useless as training data.,,-66.94413776399463,-35.43099267249759,-88.12900659636588,1.0,−−−,−−−
78b3e239-aba6-4296-a727-ffa8b4da15dc,инструктивные,gpt-35,wiki_csai,0,,0,,0,,0,,0,,2,0,0,keep,The document arrived completely intact with no pipeline damage.,,-28.14560568992361,-33.210830752062,-46.586102167522895,1.0,−−−,−−−
a9902362-fe17-4a05-93e9-23b1b99e26f2,инструктивные,flan_t5_xxl,xsum,0,,0,,3,"""However, Tesco said it had taken a PS235m charge after it agreed a deferred prosecution""",1,"""PS235m""",3,"""It said it had taken a PS235m charge""",1,0,4,drop,"Mechanical loop repetition destroys the text, leaving only a fragmented, endlessly repeated sentence.",,-68.86479715181547,-39.63725225297697,-88.0521787245706,1.0,−−−,−−−
a1b4efd2-9bf7-4b72-8c42-0e58adad9f4e,инструктивные,flan_t5_base,tldr,0,,0,,1,Microsoft has announced new Cloud PC integrations into Windows 11.,0,,1,in a web Microsoft has announced new cloud-based,1,2,1,keep,"Minor truncation in the second sentence and slight repetition at the start, but otherwise intact.",,-18.984123230527945,-34.7587423647319,-52.70578118441487,,−−−,0−−
6345122f-998a-4208-9c43-111b320f09a0,инструктивные,text-davinci-002,sci_gen,0,,1,end{document},0,,2,"egin{thebibliography10} ibitem{Agarwal07} Agarwal, A., Al-Riyami, L.: On the security of",0,,2,0,3,keep-with-caveats,"LaTeX backslashes were systematically stripped throughout the document, truncating control sequences like \begin and \bibitem into broken text.",,-24.167173335225208,-47.32457863992107,-46.607066323533786,1.0,−−−,−−−
880c8e25-e272-452a-89fa-dc61a8dd3d88,инструктивные,dolly,wikipedia,0,,2,"""embrace win IB ; Yury Kavalyow ; 1982 ; animated short film IB ;""",3,"""IB ; Domestic Peace (short film) RV ; 2015 RV ; youtube.com/user/KavalyowArtist RV ; youtube.com/channel/UC9F9oPrnmPcZ_Hl""",0,,0,,5,0,4,drop,The document is flooded with scraped database tags and heavily repeated metadata blocks that crowd out the prose.,,-32.99453563103088,-57.740550730039566,-67.09232110352427,1.0,−−−,−−−
93b0b2ee-b439-4353-b41f-5732362e8e10,инструктивные,flan_t5_xxl,wp,0,,1,"""https: v9Xiog8BXTH0 I""",3,"""Imagine, if you will, someone sitting in quiet reflection of the night sky.""",0,,1,"""These are their thoughts.""",1,0,4,drop,The entire document consists of a single intro paragraph endlessly looped by a scraper glitch.,,-62.57097035790665,-47.42630528338694,-86.98000144094871,1.0,−−−,−−−
776618d5-2baf-40b6-aa92-204e224b6ed6,инструктивные,text-davinci-002,wp,0,,0,,3,"""The man doubled over in pain, clutching his stomach. Thorn grabbed the man's arm""",0,,2,"""Why are you doing this?"" Thorn asked. ""You're""",1,1,4,drop,A large multi-paragraph chunk of action dialogue repeats mechanically four times before cutting off mid-sentence.,,-18.231165746165047,-48.39760414094014,-44.35107405562983,1.0,−−−,0−−
a8fae20d-6f6a-434a-84c4-c2bbb60b874a,инструктивные,flan_t5_xxl,cmv,2,"""Pleasure requires effort, suffering does not. I literally""",0,,3,"""1. Boredom is the default mood. Mere existence isn't enough to satisfy us""",0,,1,"""We must be doing something or we're bored.""",3,2,4,drop,"Mechanical duplication of the same sentences and numbered points dominates the text, alongside incomplete fragments.",,-57.37077536146443,-31.588007479377968,-79.29749181103087,1.0,−−−,−−−
1b5d23d3-219f-4f2c-b008-9ba2c977970b,инструктивные,gpt-35,reddit_eli5,0,,0,,0,,0,,0,,1,0,0,keep,"The document is clean, complete, and completely undamaged by processing.",,-17.788171125587436,-36.56556216587805,-39.0025450500946,1.0,−−−,0−−
9ef327db-0d73-4e08-a124-2a930b7a8477,инструктивные,gemma2-9b-it,wikihow,1,"""See the article How to Do Common Ratio Analysis of""",0,,0,,0,,2,"""See the article How to Do Common Ratio Analysis of""",2,0,2,keep-with-caveats,"The main instructional text is intact, but it cuts off mid-sentence at the end leaving a dangling link pointer.",,-19.237817302387317,-41.71302410196654,-30.321550649151423,1.0,−−−,0−−
60c8dc7f-b9fe-4350-8920-88c9b639803c,инструктивные,dolly-v2-12b,outfox,0,,1,"""President. mys The""",3,"""The electoral college should not be used in presidential elections because: 1. Voting""",0,,0,,3,0,3,drop,The entire text repeats mechanically three times separated by stray web tokens.,,-25.998826557906785,-51.19742618294656,-69.11357344103673,,−−−,−−−
