perturbation,ttr,hapax,top1_share,top10_share,word_entropy,zipf_slope,content_ratio,content_ttr,bigram_repeat,trigram_repeat,mean_word_len,long_word_rate,mean_sent_len,sd_sent_len,sent_len_burst,n_sents_per_100w,subordinator_rate,function_rate,connective_rate,hedge_rate,pron12_rate,comma_rate,punct_rate,quote_rate,paren_rate,dash_rate,digit_rate,upper_rate,linebreak_per_100w,bullet_rate,md_heading_rate,question_rate,exclaim_rate
burst_alternate,0.0,0.0,0.0,0.0,0.0,0.0,0.0,0.0,0.0,0.0,0.0,0.0,3.123570994819048,2.995039431398508,0.9350311456474005,-1.7355647524804525,0.0,0.0,0.0,0.0,0.0,1.2970505436859916,-0.06186446885132916,0.0,0.002057132497479805,0.008607971606538182,0.0,-0.3643117675516832,-0.2126378457304331,-0.066042853182506,0.0,-0.2360201638010582,-0.1926467656398708
burst_flatten,0.0,0.0,0.0,0.0,0.0,0.0,0.0,0.0,0.0,0.0,0.0,0.0,4.826157211654234,0.8166102224934026,-1.5437482818137462,-2.0673638963370093,0.0,0.0,0.0,0.0,0.0,1.534505534591365,-0.06186446885132916,0.0,0.002057132497479805,0.011611530490655497,0.0006356474967699606,-0.427930253319007,-0.2126378457304331,-0.09906427977375898,0.0,-0.18828593680024228,-0.13968429938960494
drop_sentence_boundaries,0.0,0.0,0.0,0.0,0.0,0.0,0.0,0.0,0.0,0.0,0.0,0.0,24.48436572220865,,,-2.8794597029789326,0.0,0.0,0.0,0.0,0.0,0.015261404032795477,-1.3954877136482673,0.01314068134732072,0.017222691089861512,0.0228255367882597,0.004618036251182012,0.029794232391888446,-0.5122031126714206,-0.15189856231976376,0.0,0.6788858537145801,0.544199973550721
loop_phrase,-6.119429472750116,-3.6502220414621047,2.518399360963814,10.582310581300083,-9.701696548171864,-9.003334929432265,-0.06762726836434334,-6.178946012849509,14.425362846557782,25.38425096127148,0.059354015296635476,0.06464192187509088,4.584122261437891,1.3447528373835547,-0.6957849531994529,0.034804105998939495,-0.4006908406794385,0.06762726836434342,-0.1853644019261619,-0.08638955141634085,0.06279932346338725,0.035351893621956,-0.08423476286895361,-0.03573076698468055,-0.12751732540884017,0.0775243389443571,-0.045500311735209575,0.13688273207216026,-0.5122031126714206,0.07264713850075663,-0.09128709291752768,-0.08030302623045597,-0.15456899864236234
add_punctuation,0.0,0.0,0.0,0.0,0.0,0.0,0.0,0.0,0.0,0.0,0.0,0.0,0.0,0.0,0.0,0.0,0.0,0.0,0.0,0.0,0.0,4.777394295223447,3.947818264096721,-0.021892752818054577,-0.021762254333660695,-0.021948380380153464,-0.010963459657894602,-0.0395554938646066,-0.5122031126714206,-0.03302142659125299,0.0,-0.0036162293182436297,-0.030110289345044717
strip_punctuation,-0.08161750604878579,-0.08981746245234373,-0.02553759102381404,0.02951058288467118,-0.058195215568073735,-0.08042295564726609,-0.05377590014514064,-0.07229097402553863,0.0668912848244163,0.020034925778430582,-0.14838503824158866,-0.04366164898580696,24.48436572220865,,,-2.8794597029789326,-0.006117417414953249,0.053775900145140526,0.0,-0.021597387854085198,0.0778711610946002,-2.157277019397619,-3.0584382699374717,-0.9448108730914174,-0.8223015698836414,-0.8382241055083925,0.011259553995917815,0.06035231645412123,-0.5122031126714206,-0.21133713018401915,-0.09128709291752768,-0.4493776935774324,-0.31965384490021703
add_digits,-0.014440020300939058,-0.060551098282478934,-0.06286176252015763,-0.121731154399269,0.04216733974170968,0.005657976630863021,0.20858530965387848,-0.1301269744210458,-0.007718225172048047,-0.07870863698669123,-0.005116725456606461,-0.05783750904613391,0.06231163249255842,0.050632261542506656,0.014948286853432476,-0.07656903319766702,-0.04588063061214944,-0.2085853096538784,0.0,-0.026996734817606494,-0.0251197293853549,-0.18076898342164308,-0.2672744373450733,-0.06861508976980062,3.7937412420074716,-0.05770928742276235,4.498759376678832,-0.14899967924640803,-0.5122031126714206,-0.03962571190950359,0.0,-0.008872322906235013,-0.043096148555015916
strip_digits,0.0,0.0,0.0,0.0,0.0,0.0,0.0,0.0,0.0,0.0,0.0,0.0,-0.05109092019111936,0.0009210256117144477,0.07076128240578546,0.0626473907980912,0.0,0.0,0.0,0.0,0.0,0.0152539311564497,0.02276817557135033,0.003817837662735437,0.0058926798236963365,0.011295981502829943,-0.6571386423903648,0.01505107079087302,-0.5122031126714206,-0.052834282546004786,0.0,-0.0006574962396806604,-0.0016360867773692024
capitalize_terms,0.0,0.0,0.0,0.0,0.0,0.0,0.0,0.0,0.0,0.0,0.0,0.0,0.0,0.0,0.0,0.0,0.0,0.0,0.0,0.0,0.0,0.0030785658827824024,0.0028142749009972827,0.0,0.0,0.0026183899305634206,0.0,5.95885735889191,-0.5122031126714206,-0.05943856786425538,0.0,0.0,0.0
lowercase,0.0,0.0,0.0,0.0,0.0,0.0,0.0,0.0,0.0,0.0,0.0,0.0,0.0,0.0,0.0,0.0,0.0,0.0,0.0,0.0,0.0,0.0,0.0,0.0,0.0,0.0,0.0,-1.878291013212294,0.0,0.039625711909503585,0.0,0.0,0.0
to_numbered_list,0.0,0.0,0.0,0.0,0.0,0.0,0.0,0.0,0.0,0.0,0.0,0.0,0.0,0.0,0.0,0.0,0.0,0.0,0.0,0.0,0.0,-0.023154105853381686,0.7006942729611846,-0.011164014184474963,-0.007469838422924325,-0.00786594883944883,0.5329882730813591,-0.026256820820514372,0.6686724708504186,9.17335230705008,0.0,-0.0036162293182436297,-0.013497715913295908
drop_function_words,1.4327315477351024,1.1105248623643127,-1.1408894098668296,-1.7613912808599357,1.5910420775796053,1.505508858296999,3.6721804352126735,-0.30389528539392574,-0.627187620469847,-0.4064611799162883,1.3764618592887807,0.6338756919806207,-0.5420498295862661,-0.3610770918170019,-0.05544178933388072,0.7110037550681829,-0.3521315238459486,-3.6721804352126735,0.156895754721077,0.2019927626610499,0.2601983481589944,0.2368115826388667,0.3848136733548152,0.09867032586923115,0.08263172851256773,0.14049274630499017,0.06949184634010891,0.2589431139819276,-0.5122031126714206,-0.06552487002029025,0.0,-0.050042079143166905,0.045033635189874584
shuffle_words,0.2856612711707502,0.3264713382396988,-0.0628617625201576,-0.13925306298704251,0.23270833814158204,0.25264910598350576,-0.0008147863658354679,0.2841268158043925,-1.4810416524585515,-0.8801056681239121,-0.03445261807448374,-0.024382479303762347,0.02401747130290387,0.8235775099821049,1.6055409022556735,0.12761505532944503,-0.04282192190467281,0.0008147863658354581,-0.10298022329231216,-0.0323960817811278,0.010047891754141978,0.0026612822274929447,0.13276284654859333,0.10879698345564072,0.02239525435941337,-0.010247168059153999,0.001634692512824363,0.0009874009248190838,-0.5122031126714206,-0.17831570359276616,0.0,0.07996513373771622,0.1076882896283275
shuffle_within_sentences,0.008789577574484736,0.015137774570619744,0.007857720315019707,0.0018444114302919598,0.0024909361895265186,0.00662119224744502,0.020369659145886558,0.00419245671721187,-1.4030018201633985,-0.8629328745995432,-0.0009380663337110897,-0.0017011032072392345,-0.14178779239125586,0.05705612736634238,0.3390338766886426,0.15081779266207138,-0.03058708707476627,-0.02036965914588653,-0.010298022329231217,0.01619804089056389,-0.007535918815606466,-0.01217416657970908,0.04793798560593029,-0.000787146047441628,0.019174668335477558,0.010253134744691018,-0.005401828311344642,-0.024389137342714248,-0.5122031126714206,-0.14529427700151315,0.0,-0.018873462146040222,0.006011630063175161
add_typos,0.20467159209157063,0.2361492833016678,-0.005893290236264778,-0.06916542863594834,0.15668651518926696,0.1848676266375386,0.06192376380349516,0.2238866501207069,-0.1423583753955527,-0.1259338191787062,-0.003070035273963845,0.011340688048261533,0.006011991589873222,0.010313915015426344,0.007855874271367497,-0.011601368666313193,-0.09787867863925215,-0.06192376380349515,-0.020596044658462435,-0.026996734817606494,-0.0037679594078032343,0.003443383592967745,0.003459015440022926,-0.0022385341428797535,0.0020213577736348017,0.0026469327669469333,-0.0026073721320750425,-0.0014175208843766529,-0.5122031126714206,-0.05943856786425538,0.0,0.0037181888800491792,0.0
style_news_telegraphic,1.115439249333406,1.0260047208975598,-0.7988682320270029,-1.0974248010237122,1.1276197219930908,1.1434733333884082,4.413426148275422,-0.6949319435064717,-0.40878007392698856,-0.32437498879363685,2.882422007221667,2.107477862301937,-1.6423767593791865,-1.2271890109868453,-0.995722477184954,4.609610483415105,-1.4783758752803708,-4.413426148275423,-0.5492278575589983,0.01799782321173766,-0.9419898519508088,-1.0087949936776266,0.524147284835505,-0.5716852077758302,-0.7202757225231946,0.055876724333369675,-0.06904085449998526,0.41204930122110556,1.2258995298924342,-0.04402856878833732,0.0,-0.4740411411466611,-0.5725954129600458
style_simplified,-1.2703032351695636,-1.2917567633595506,0.07202910288768058,0.79309691502554,-1.1185677820319773,-1.2017419377001843,-0.31233477357026074,-1.2417323128697713,0.9890762627883781,0.6010477733529164,-0.5781899765965351,-0.725804035088739,-1.779585112567435,-1.313322341742963,-1.1272120812433668,5.661467909160834,-0.9176126122429886,0.31233477357026074,-0.5149011164615608,0.16198040890563897,0.34748958983074274,-2.10594139842996,1.1400783633046025,-0.9585157592168785,-0.740743577228813,-0.6799525630987804,-0.4215212146752786,1.0787974408328378,-0.07578288002971413,-0.04402856878833732,0.0,-0.2878737337350819,-0.5336596939793845
style_news_dates_suffixes,0.938686161043416,1.2453888052153097,1.4589875287617664,0.30806655781633163,0.1633965471378821,1.220531072026855,1.8365725110993945,0.7352231495106198,-0.5840819049117432,-0.6451400810506199,3.9838547825383857,3.6559926226936144,0.34353574648634044,-0.24416333862132963,-0.7735861985239073,-0.34615975696242585,-1.200336498177315,-1.8365725110993945,0.10019697401414157,-0.3327165155899611,-0.9939265897340426,-0.8255837689284555,-1.2297312594120118,-0.5597392631489694,-0.42797184894396667,0.5307916440709944,0.198244638129321,-0.6753144432093627,-0.2949387763318603,0.0,0.0,-0.29897367963196125,-0.49145529735590227
style_dialogue_interjections,0.142533690397048,-0.0916449055086167,-0.7645349495694844,-0.7866165505407308,0.45153565912839655,0.18840599376649686,0.7478417563181707,-0.35189008203190525,-0.45614015431202815,-0.6126510122207326,-0.45248447821666204,-0.5222846603848021,-0.27316563289292595,0.24774905856769788,0.7543898251867257,0.8127229076509127,-0.08928122713715567,-0.7478417563181706,-0.43418688739461353,-0.2101367466883965,0.8391347437918555,3.436108904605909,2.7951917351510547,2.401386029786354,-0.7207234805469531,0.4797579280370245,-0.3922214575453702,0.3097501838406849,2.8930024090198656,-0.042838607469733614,0.0,5.344895405020563,0.7736339364125105
style_literary,1.8671913442013288,2.040735663736519,-0.21661823571135397,-1.0019640472667102,1.5286496265035832,1.8771244189621137,1.4507601562497376,1.2581777421832383,-1.209883945888611,-0.8307919029356905,2.012117713341208,1.592600408074784,0.2840586432880126,-0.15261592693264722,-0.5917792750964678,-0.34615975696242574,0.11904163618287426,-1.4507601562497372,0.16699495669023595,0.2101367466883965,-0.1547918459421869,0.3550966344221223,-0.2543705198781509,-0.5554631687335795,-0.6888353204458588,0.7828887546378576,-0.49241231282894943,-0.7105565205643251,-0.021686674730283868,-0.042838607469733614,0.0,-0.1319054232193324,-0.5252824969420493
style_bulletin_abbreviations,1.6867617916749067,1.5743285553444522,-0.9363783375398479,-1.497047277586969,1.6178266580729161,1.6874924138781164,2.995697871721718,0.4386181273150008,-0.9061768072367511,-0.591507332506044,1.1668976666316508,1.2323547679110882,-0.4329332791898655,-0.3639073594384165,-0.16066465634000185,0.7811588235317546,-0.785068568252335,-2.995697871721718,0.13730696438974957,-0.1439825856939013,-0.4898347230144205,-0.31987491167219373,0.022030442918247524,-0.3926491166246357,6.5658506271681905,0.3094428794143937,-0.015142979961792438,4.094386331632957,-0.09361414591905858,0.2201428439416866,0.0,-0.10452899478914102,-0.17493695231117934
style_scientific_terms,0.7002117261018003,0.6411292759321298,-0.06933282630899738,-0.5793621786917079,0.6594039580075498,0.7221187393276107,2.153911722390923,-0.1253971691806345,0.09988291399121038,0.20708368661739118,3.1786904439541956,3.079997454048445,0.18146362398398164,-0.161359705124778,-0.4835087083058932,-0.21291923669939491,-0.4534085848730062,-2.1539117223909234,0.5815353785918805,-0.17150866825302952,-0.48761827630394805,-0.530716529312092,-0.8801854863432382,-0.6747040348603096,1.1173466378683032,0.2197072249948393,-0.17347716619977374,0.23878759342668815,-0.5286445887193898,0.0,0.0,-0.12936312893119664,-0.5586384987342982
