текст,условие,стоков,норма стока,норма прочих,косинус стока с общим,разброс внутри стока,сток → облако,масштаб,сток: проекция на ось,сток: смещение,прочие: проекция на ось,прочие: смещение
0,чужие хапаксы,4,26.34022,37.5167,0.9998223781585693,0.06970155366889248,1.0139166755158735,32.478977477040445,0.17711343729419202,1.2427520420188236,0.09721640103991006,0.48370289752276824
0,перемешивание,5,26.348364,37.40687,0.999894917011261,0.06967741747794888,0.9778040834146644,33.01613717799344,0.17635463636711962,1.128000924989814,0.23317946396077638,0.6089025186896442
1,исходный,3,26.260004,37.60454,0.9998321533203125,0.042906774804739645,1.0899376669394645,31.12267853612255,0.15871438168190105,1.0204654693294941,-0.0151064824153312,0.45641002141999576
1,чужие хапаксы,4,26.6795,37.69214,0.9984261989593506,0.14727764064717747,1.2431187334262492,28.613517549355223,0.20372422013832742,1.1673917030921332,0.1557389515565045,0.5344520442696375
1,перемешивание,3,26.27652,37.369488,0.9992557168006897,0.05955696276724479,1.1705605657863518,29.190687713857198,0.21030241585203363,1.3633595007537391,0.34724250878391905,0.692577909893925
2,исходный,5,26.455683,37.524086,0.9983068704605103,0.08366939074882425,0.9337650203660866,34.38733612797394,0.13895756205711857,1.0721914619908015,-0.024851583255615383,0.4234936510646108
2,перемешивание,3,26.412355,37.443287,0.999496340751648,0.06089922641996518,1.0208293962864154,32.412969295172836,0.16638329897370485,0.9341690264499952,0.26843384430323725,0.6207219059603921
3,исходный,5,26.237259,37.30597,0.9988871812820435,0.04535365193622181,1.0512179376876958,31.325823269739104,0.1603763289086289,0.9878112373197444,0.017421487934901704,0.4404861604099975
3,чужие хапаксы,6,26.45308,37.22199,0.9995384216308594,0.0946138731642401,1.104125767503356,30.358511828896305,0.18170773740334156,1.0358808681798655,0.16688028060672638,0.5253840448058781
3,перемешивание,8,26.356894,37.141018,0.9995856285095215,0.05554333751966016,1.1915914265198333,28.750398219463467,0.14276849116806012,1.2246319526523834,0.2871054314418591,0.6511617278625859
4,исходный,7,26.29242,37.680088,0.9994117617607117,0.08914717171151655,1.060503300447833,31.591292807800137,0.14641943858673379,1.1275722077078008,0.0021365032271751508,0.4442870891244088
4,чужие хапаксы,4,26.226952,37.625233,0.9994702935218811,0.05031171716636152,1.1257354367396928,30.258715861759686,0.14377363907078913,1.1643088820800598,0.11926316899268732,0.5038614537106401
4,перемешивание,4,26.298935,37.360107,0.9991872906684875,0.052435502390947644,1.105597588605277,30.427373211691982,0.1811934842198205,1.2285026255659506,0.3499240990089716,0.6853050232989254
5,исходный,7,26.16773,38.370293,0.9989535808563232,0.049909459526171894,1.0300855413649401,33.0060490995989,0.15007181177437015,1.0783054575044055,-0.03077342455297887,0.44012140031508706
5,чужие хапаксы,3,26.069288,37.932896,0.998191237449646,0.05089629241428226,1.0935486003285653,30.851861907515854,0.14281885488344412,1.1205179333522197,0.14982218856502783,0.5180777307119947
5,перемешивание,7,26.433573,37.5991,0.9995823502540588,0.08193296955692442,1.1403278431214832,30.106382517380098,0.20207197950544625,1.319784223743319,0.3507374187068546,0.6741501631772194
6,чужие хапаксы,6,26.259674,37.929836,0.9998319149017334,0.043521378852322636,1.1240721477668656,30.777099410874833,0.18453182072185995,1.1281188595561313,0.14908166362720895,0.5474884740775577
6,перемешивание,4,26.315405,37.651207,0.9997866749763489,0.042317091726001524,1.0623508476560308,31.591136956605464,0.1828273827492062,1.0791602694976072,0.41042651796517843,0.7322979476059094
7,исходный,4,26.41102,37.83512,0.9981485605239868,0.09908998396714773,1.1372432046608305,30.442804455256223,0.17442080048662403,1.0947281599952055,0.01396833925371316,0.4698750614243267
7,чужие хапаксы,3,26.264257,37.552925,0.9988970756530762,0.061671436322736556,1.1555341646398996,29.667408370965695,0.1783708382206137,1.006176941989276,0.16956446007080245,0.5587791727520873
7,перемешивание,4,26.308903,37.202705,0.9993798732757568,0.037880809297693496,1.1515443784907364,29.387845060937128,0.15837552777341177,1.1518048976746451,0.3611340422096296,0.6840737264270187
8,исходный,5,26.303247,37.22935,0.9994420409202576,0.07508097265334544,1.0355440524710964,31.473140616381986,0.13740851350230893,1.1228611167554663,-0.003950842270751125,0.4642872957551995
8,чужие хапаксы,4,26.173275,37.226204,0.9972387552261353,0.03263220160129205,1.087105094341224,30.369602691072615,0.15832017219482583,1.1907265401231586,0.12147569822240685,0.5094787029035278
8,перемешивание,3,26.210205,37.005657,0.9982595443725586,0.036319861410542366,1.1020546373894244,29.85084537293911,0.17532658805046497,1.3273026173660658,0.34224830059319644,0.7061278140846526
9,исходный,5,26.26904,37.67066,0.9998308420181274,0.027795444652750675,0.9929818211173278,33.10726112817852,0.15830167371727083,0.9067613785978903,-0.020759170664692465,0.5008506947938469
9,чужие хапаксы,3,26.42717,37.56861,0.9994955658912659,0.08297201699483446,0.999085439935587,32.89907621837478,0.16116677417698758,0.9187535444055687,0.07531722501925164,0.5451725923337923
9,перемешивание,5,26.329004,37.480026,0.9994462728500366,0.06720155009960896,1.127529171120203,30.091654532119616,0.1872595657698223,1.0208888910310465,0.2469718088759472,0.7100996220383129
10,исходный,4,26.371271,38.044853,0.9996131062507629,0.08261351154470277,1.100116467044233,31.483767300665416,0.18441200005145514,1.0935535011158994,-0.02338731343654943,0.42734369885459017
10,чужие хапаксы,4,26.389454,37.85855,0.9993366003036499,0.05204903813565962,1.121228926760321,30.941527258515563,0.1730354784044226,1.1925289296015884,0.1469685985918351,0.5287805120247918
10,перемешивание,6,26.297386,37.693756,0.9994774460792542,0.05220158102328213,1.1158193295855419,30.67441410942843,0.20857790423879516,1.3295037870929265,0.30505501081929887,0.6340112509044008
11,исходный,3,26.142103,37.874798,0.9962549209594727,0.03177548993276803,1.0287356152236067,32.410695914013324,0.1480533903130684,1.105554035629044,-0.004278653116343056,0.4470429067195845
11,чужие хапаксы,5,26.527508,37.525257,0.9984917044639587,0.10359241854068359,1.1149765976853123,30.500752796456624,0.19361354228730263,1.172208276362111,0.17388561876955905,0.5419823123904629
11,перемешивание,6,26.273478,37.21273,0.9994220733642578,0.08568906734507736,1.1147667165059263,29.73242534012255,0.13152917871292777,1.2099867774213846,0.3631258352583547,0.6800115730391447
12,исходный,6,26.204102,37.785015,0.9986755847930908,0.029088230361457582,1.0356792741813932,32.22444642484406,0.1650989237785961,0.9869263688740544,-0.012158104424122398,0.4662408121954926
12,чужие хапаксы,10,26.623997,37.758804,0.9982627630233765,0.14603650853207795,1.118532835975581,30.47534762108432,0.1695472460308062,1.0575269154243774,0.07863266416283897,0.5002035299727936
12,перемешивание,5,26.911295,37.574543,0.9885522127151489,0.24625714074554822,1.0379650949495063,30.346485185266552,0.2079968894887429,1.063917342943607,0.3298213202427845,0.68855127558987
13,исходный,3,26.345102,38.0242,0.9997645020484924,0.06228266214776608,0.9276705473160642,35.22908081637995,0.17558980155662082,1.0048511522881736,-0.02301637324318868,0.46761834364682314
13,чужие хапаксы,5,26.171116,38.066624,0.9981682300567627,0.0380283989448363,1.04781262442461,32.285234694454964,0.13507455636549903,1.0687712707555919,0.11469978576393539,0.5216096531109443
13,перемешивание,3,26.337866,37.779198,0.9998538494110107,0.06330861292684042,1.0789827049076055,31.510014079697438,0.1966073783867507,1.2058275670591987,0.3232901220301481,0.6652395652959648
14,исходный,8,26.241856,38.386383,0.9996222257614136,0.0644210142199062,1.1252949816080375,31.10354558527272,0.1695587584994965,1.1808186231801716,-0.05357442010051448,0.4638090668278198
14,чужие хапаксы,4,26.256468,38.35817,0.9998309016227722,0.05930169340272049,1.2132133998304715,29.57029034155166,0.2054457476796764,1.3550476633544166,0.10280989536362174,0.5305454858536259
14,перемешивание,6,26.325577,38.0756,0.9997955560684204,0.07856738249503827,1.2430751340408646,28.705196807883283,0.22732388286327143,1.4559090641038586,0.3399062328349493,0.6849751954384528
15,исходный,4,26.284588,37.65762,0.9995378851890564,0.056058357458663374,1.0482647807396677,31.931890188164324,0.1638738690449275,1.0424307778081454,0.007257858298818907,0.43931403958941534
15,чужие хапаксы,4,26.161747,37.507935,0.9979355335235596,0.03066946621419397,1.102654239851032,30.477755423634775,0.1407645757667436,1.1512572874674252,0.11584253911996614,0.5022354972625229
15,перемешивание,5,26.457355,37.05606,0.9990320205688477,0.08235502527482975,1.2318845900922613,28.069982992154912,0.2054346185746283,1.3005552979564365,0.31804561689841304,0.6820521123214686
16,исходный,5,26.425177,37.814697,0.9984418749809265,0.09321974718557426,1.1159602482292224,30.917694692222746,0.15605789067495984,1.1633305502672031,0.0467123464750615,0.4740797991756048
16,чужие хапаксы,6,26.558226,37.915596,0.9986903667449951,0.10927758970973472,1.1961256065830055,29.591166937353897,0.19162781764350398,1.2064375165398047,0.17863484783824937,0.5870359397446695
16,перемешивание,8,26.26345,37.272835,0.9996690154075623,0.03329797037577102,1.1659595546755717,29.235388257461718,0.20656386393026846,1.248026584313771,0.353493945307679,0.7125874682356033
17,исходный,4,26.166887,38.054527,0.9968554377555847,0.02108704104549101,1.038879415506664,32.41977858871867,0.165271740517765,0.9751877736482437,0.021723973054785874,0.449040824502478
17,чужие хапаксы,7,26.458803,37.849636,0.9983081221580505,0.06587832140214142,1.1046962836183338,31.297408640425964,0.17818573330001017,1.2548967627287058,0.14380341514691117,0.5180971856491728
17,перемешивание,5,26.46484,37.684784,0.9994239211082458,0.093427455451855,1.0738915571129037,31.407194058683313,0.17800664305876782,1.1919133611838872,0.33043804699852775,0.6758282861177107
18,исходный,5,26.3234,38.03185,0.9998051524162292,0.056981004717727095,1.1115137508682282,31.236829257006356,0.1736693562312893,1.1561891961610242,-0.03978353291247824,0.4415176571852063
18,чужие хапаксы,3,26.231537,37.96295,0.9992939829826355,0.06608713329483973,1.1426292707001309,30.33918010909857,0.15344518912896615,1.1001588745438222,0.14153745453489017,0.5204960628738827
18,перемешивание,7,26.318802,37.790035,0.9999180436134338,0.07048748714167233,1.1305163041875481,30.437423621978027,0.18494587021264383,1.227416186996708,0.34832685018165094,0.6747159558168115
19,исходный,3,26.233147,37.602947,0.9992573261260986,0.07464695466843495,1.0274463737275175,32.11302537260801,0.16315708532771275,1.0358753358304729,0.035084502722100834,0.43031703467308347
19,чужие хапаксы,6,26.32894,37.7016,0.9993680119514465,0.10345884890861352,1.0805078759744602,31.016189464873335,0.1879104507792453,1.1332604777805537,0.14508665840612425,0.5011392937113313
19,перемешивание,4,26.38219,37.247135,0.9998106360435486,0.08231167757734704,1.0200290650141084,31.959658949449693,0.19668729609045835,1.1830844059036747,0.3387991913714707,0.6859521934014807
20,исходный,4,26.168797,37.601055,0.9978402853012085,0.03389562023271835,1.0498803066607016,31.579814643473174,0.1722231621939638,1.1518415541764075,0.0014219600284296682,0.46137204186706865
20,чужие хапаксы,3,26.390274,37.877666,0.9995505213737488,0.10559241697438103,1.1732471083887717,29.758701475318638,0.21692517193761268,1.3155985686535663,0.12755304018820462,0.5441987060073409
20,перемешивание,6,26.463621,37.566963,0.9988843202590942,0.09193044339820018,1.166559902886112,29.554756698482063,0.20699054314201726,1.3816837528063566,0.26073112215964084,0.647522215179398
21,исходный,6,26.312864,38.110157,0.9985315203666687,0.11844280451180639,1.0536173152145145,31.837303665412453,0.17251406036512268,1.1261162410928098,-0.028580204180937662,0.4594305038828263
21,чужие хапаксы,4,26.299753,37.94625,0.9998109936714172,0.054322469808521415,1.190768765110479,29.635846344823428,0.19374597879290942,1.362624754222705,0.13631122775323296,0.5522486419172182
21,перемешивание,5,26.519495,37.759144,0.9986178278923035,0.08551638543953254,1.1647137121851197,30.08969086795315,0.17634199278052048,1.2064114820178657,0.31418817290067225,0.6704689009224235
22,исходный,6,26.536459,37.76143,0.9978601932525635,0.08858812233629142,1.0755769363734402,31.716121374943004,0.17327959371699897,1.1388717301729998,-0.0033104006142673577,0.4736488838277257
22,чужие хапаксы,4,26.216782,38.01228,0.9985540509223938,0.02299194080106473,1.0794608416056943,31.671348634565533,0.15725704381037464,0.9851610721100887,0.07906100698645144,0.4969058837087389
22,перемешивание,3,26.234125,37.900745,0.9990074634552002,0.062193370457053816,1.1839057825394077,29.39022520333131,0.1992889045852397,1.1452465426728022,0.36673233999189786,0.7283748433157223
23,чужие хапаксы,3,26.174309,38.04268,0.9993030428886414,0.03563877685980249,1.129495624710888,30.600569650314842,0.16284594282115913,1.1723517040473175,0.12274874361568364,0.5165987832674995
23,перемешивание,7,26.586971,37.48351,0.9947253465652466,0.09011625988282927,1.143669655633243,29.994095697305546,0.1914748809200786,1.2795956331078462,0.3711113481908418,0.694572899414515
24,чужие хапаксы,6,26.253448,37.61757,0.9995982646942139,0.05450883397236929,1.1003984152588198,30.806799701345653,0.17149051356669678,1.187607788486831,0.09327315547441876,0.4800558461793117
24,перемешивание,3,26.531088,37.20876,0.9979022741317749,0.08763851118781776,1.083818006276307,30.90274756480817,0.2044080405311663,1.2789906865586578,0.28344464185823137,0.6247213715076294
25,исходный,6,26.371666,38.02136,0.999133288860321,0.07682179531524523,0.9255742394631521,35.089255231125,0.1732471369526099,1.0258727931688796,-0.017874652190488505,0.4762853901699769
25,чужие хапаксы,6,26.2041,37.733593,0.99921053647995,0.03188999626880634,0.9889762182341151,33.13375677076585,0.15062611216422828,1.0391126732681246,0.0596140265031577,0.48394062516097675
26,исходный,4,26.181456,37.702976,0.9973509311676025,0.03812836441603076,0.9372720736955695,34.194377023842755,0.15648461647870276,0.9562915781880302,-0.008855746037005202,0.47426916275456155
26,чужие хапаксы,6,26.257904,37.814384,0.9992613196372986,0.06855693546302818,1.05506009846339,31.86751070011909,0.1512694844086573,1.058224976384196,0.10025441212179309,0.4973424179914405
27,исходный,5,26.285807,38.148518,0.9999195337295532,0.049238109465180965,0.9606102998766034,34.59367545700747,0.15600957260424414,1.0499230655488654,-0.04565275496269347,0.47849333368591346
27,чужие хапаксы,5,26.243551,38.015495,0.9991273283958435,0.0297095714495088,1.025065945806636,32.893142203219824,0.1617721015681246,0.9993912758821254,0.14335214429239365,0.551754381076327
27,перемешивание,6,26.37191,37.75232,0.9998911023139954,0.06827376395069042,0.9860421705413285,33.35829818836542,0.1706789458388817,1.1430053021631015,0.28945051847100084,0.6547709570490096
28,исходный,7,26.347393,37.66163,0.9994356036186218,0.07298439824205835,0.8905906314174132,35.30863064407394,0.13973365563002477,0.9117731779617851,-0.0011725626063901326,0.4694386348172698
28,чужие хапаксы,7,26.295929,37.433167,0.9998864531517029,0.045358654443658566,0.9119329479490995,34.62431138716385,0.1458797202632335,0.9108599638179641,0.05769088638934585,0.4765293957044194
28,перемешивание,3,27.309341,37.470016,0.9650009870529175,0.2874155526845632,0.8538294261141492,33.18212511877565,0.16817627633284143,0.9397150303924862,0.1881325015025502,0.6125247523426552
29,исходный,3,26.457777,38.05857,0.9993265867233276,0.07832083630677887,1.0281548329415957,33.1905559593052,0.146639667145514,0.9970317231655216,-0.0302728985099996,0.4407364639199973
29,перемешивание,3,26.731222,37.502903,0.9948874711990356,0.10398997260176399,1.06203528648174,31.844699206203117,0.1849582034470864,1.1301189022309497,0.34474949907166175,0.6724371557508614
30,исходный,6,26.399094,37.814064,0.997238278388977,0.10588041185019482,0.8835554583421614,35.303709539171855,0.16531295821234943,1.0962665064861519,-0.060023951403766894,0.46681056228514983
30,чужие хапаксы,6,26.476038,38.19241,0.9985600709915161,0.07897524176629216,0.9426977964981097,35.100387468052844,0.15578937542421506,0.9211030445294358,0.037918341307040936,0.5075805689940058
30,перемешивание,4,26.53719,38.096535,0.998129665851593,0.08379592267723246,1.0441287708845564,32.69745562855375,0.1529488888009261,1.0253199165977496,0.3473037053253163,0.7010429673788646
31,исходный,4,26.175995,37.65208,0.9981071949005127,0.021666947561078096,1.0808457615292624,31.128687039155572,0.16541607341765174,1.0615513780260935,-0.011466599269486259,0.4703231769972507
31,перемешивание,4,26.19905,37.245567,0.9979919791221619,0.03343476485148002,1.0722649348366597,30.78404118822504,0.20367569163329388,1.2527880789260661,0.3332001134854079,0.6691834875378964
32,исходный,3,26.521399,37.92436,0.9983083605766296,0.06618689833362496,0.9144090636040194,35.51609816445714,0.15085772391194585,0.8595235344996899,0.0004639322490305222,0.44245605135566146
32,перемешивание,3,26.181068,37.388752,0.9983152151107788,0.036948951745739145,1.01667269710308,31.98800546112438,0.16324566814500122,0.9287454785184506,0.2123220388200393,0.6263928490614498
33,исходный,4,26.524113,38.032536,0.9890658855438232,0.11291377431333771,0.9216980945121606,34.67538839528188,0.15284528648215173,0.9788170318781259,-0.0023580482896587707,0.5020101873248375
33,чужие хапаксы,6,26.388891,38.077644,0.9992345571517944,0.04107656051258069,1.0208327394784622,33.27485319206065,0.15356090035656259,1.071869085721941,0.07119758313921508,0.4960298246868019
33,перемешивание,3,26.174524,38.240105,0.9975618720054626,0.019645680866885545,0.9914812391284578,33.69465619509319,0.15421586166672013,1.0134043961129846,0.2544380073168063,0.6505508107892358
34,исходный,5,26.222513,37.56707,0.9994955658912659,0.04306593450225014,0.9021863531887446,34.896733213214,0.16558189983776017,0.9442829092939273,0.03341439009756309,0.44517902246560337
34,чужие хапаксы,9,26.435392,37.584965,0.9992841482162476,0.05633546859226887,0.9620774233747309,33.801865745672806,0.16494665773085115,0.9521387669726789,0.13885214069145563,0.508182283105492
35,исходный,4,26.458176,37.38407,0.9997397065162659,0.10445476909812383,1.1037600921619548,30.662655438805665,0.16849930040971256,1.1475710694453767,0.05283407074007121,0.4937349616153532
35,чужие хапаксы,5,26.258717,37.348263,0.9995837807655334,0.08584391514020936,1.172077132991693,29.08467077763909,0.17019319897240306,1.0971318122791789,0.21069268241555925,0.5761826071292921
35,перемешивание,7,26.251722,37.135693,0.9997219443321228,0.04049331813916157,1.1556557708854869,29.24530077365099,0.18284843265222647,1.1494816206598284,0.3379400268985069,0.6862982638082865
36,исходный,3,26.589111,38.16798,0.9975113868713379,0.10773999043784684,1.1178306798304078,31.476876018328724,0.2083893085092283,1.3060090543632834,-0.05329972969504374,0.45357888968734394
36,чужие хапаксы,5,26.195093,38.351532,0.9989364147186279,0.03942249074648695,1.1441179940272286,30.759756571287593,0.17677761404987702,1.2289910913066944,0.14213894934167767,0.5358110871723727
36,перемешивание,3,26.85666,37.73113,0.990895688533783,0.11951738764028576,1.1528850183497203,30.446113590184613,0.2128082656047685,1.2696608531464724,0.31911544480356346,0.6652160195318043
37,исходный,5,26.36413,37.97039,0.9997773170471191,0.09166321366282058,1.050342422249218,32.14368786037129,0.1630412922195421,1.095450848456361,-0.01587189158863479,0.45064112438132786
37,чужие хапаксы,6,26.77674,38.087795,0.9932681322097778,0.19554419485968064,1.0522533790154633,31.103910230952376,0.14839144977148522,1.06702948668649,0.0961745948238004,0.5234463737283787
37,перемешивание,5,26.173893,37.627422,0.9985592365264893,0.026493648115444652,1.2065793299232916,28.6736255783257,0.20360454209885304,1.4130978484097856,0.3273962377978034,0.7036440276975644
38,исходный,8,26.261791,38.38129,0.9997718930244446,0.05745146682350456,1.0983951767156284,31.705917061130066,0.14061276678737644,1.0898156347080596,-0.006311933800418699,0.447727650995333
38,чужие хапаксы,6,26.639643,38.141666,0.995898425579071,0.15295112370282854,1.081976318639007,31.29781167571737,0.1529950323538288,1.0591284627558493,0.12705786312161604,0.5076119779029558
38,перемешивание,6,26.261038,37.93238,0.99947190284729,0.05763055670929071,1.1637501563096995,29.907120929513262,0.19094581154218324,1.1789050567759192,0.343811514094782,0.6852225095067972
39,исходный,4,26.24558,37.70099,0.9997262358665466,0.036513011802098476,1.0773676539083434,31.424999017745357,0.18062147524505032,1.1627143003319373,0.03982266009614018,0.45564353989298595
39,чужие хапаксы,3,26.19123,37.713955,0.9985364079475403,0.040266747805294205,1.104531516966307,30.643557503813728,0.16392130211240782,1.2716903448983565,0.17090366577085853,0.5370180773181346
39,перемешивание,3,26.427729,37.203526,0.9995132088661194,0.09452016925216596,1.1931091880048899,28.730635930217915,0.20372513738084225,1.185141785564709,0.3163566100308426,0.6785211037898254
40,исходный,6,26.323683,37.893173,0.99982088804245,0.07102509421071121,1.1251436725255224,30.705408886537036,0.1545889207999663,1.0558398513449785,0.03809531076864803,0.4559006302967798
40,чужие хапаксы,7,26.149723,37.8318,0.9989827275276184,0.06554784806171139,1.1140475062191735,30.4323227640002,0.18307768893398052,1.0803756890255514,0.17998254218447782,0.5412987605206919
40,перемешивание,7,26.220324,37.51172,0.998978853225708,0.03916711551085778,1.0774948997279756,31.05114192229459,0.18576746596505106,1.1054243365239553,0.3613656977253216,0.6943030563716343
41,исходный,3,26.177874,38.24769,0.9983281493186951,0.024407136086143966,1.127880083252895,30.932261993710018,0.16671694928169287,1.1042776762795512,-0.006976209627907819,0.44849028337013874
41,чужие хапаксы,3,26.180456,38.19474,0.9974978566169739,0.014232612110068085,1.2365797464262211,28.882596124959992,0.17934980708802423,1.028895942925292,0.1611949892079464,0.5621763353626016
41,перемешивание,5,26.166965,37.66085,0.9966629147529602,0.03539779780963233,1.2628695939851324,27.733075826703956,0.2352661992082217,1.4924612522353375,0.3539800499500882,0.7027170891147005
42,исходный,5,26.217733,37.861656,0.9992299675941467,0.036458619590772096,1.0720980695353457,31.645555799695458,0.15433816860033933,0.9928253031335744,-0.00788405532046072,0.43143622014400046
42,чужие хапаксы,6,26.271034,37.848164,0.9997560381889343,0.05363995236470082,1.10892805415718,30.97846599323137,0.17695701343524517,1.0289004115199136,0.13285407252859596,0.499011953760407
42,перемешивание,7,26.273932,37.54528,0.9996689558029175,0.04206172344934861,1.048383400879885,31.785795085275133,0.15701707080314692,1.0074948535175745,0.30646905466992785,0.6357124284772726
43,исходный,5,26.357855,37.515484,0.999596893787384,0.051077789763950686,1.0298824667844162,32.31476584945892,0.185575048845556,1.1729067324042848,0.017523464615523978,0.45721927504697774
43,чужие хапаксы,4,26.310965,37.571175,0.9998334646224976,0.07742240675019471,1.0872080351198032,30.981512756814123,0.18504923331694825,1.1837128240509904,0.1452213150696158,0.5303525934915897
44,исходный,6,26.219675,38.057343,0.99945068359375,0.07903393854084936,1.009433158047262,32.84071720483657,0.161587058828684,1.1186777080423584,-0.018730461274317968,0.44131926899529333
44,чужие хапаксы,6,26.239695,38.23408,0.9993164539337158,0.0344244823389562,1.0342608546274197,32.86395530127876,0.16411373399399012,1.1507418376003409,0.09560411579320795,0.4928320704045714
44,перемешивание,5,26.299128,37.81573,0.9997838139533997,0.04281582930818948,1.1232661060922888,30.621376311032453,0.18443950161756167,1.3015381317676589,0.30528362010181453,0.6556218727310595
45,исходный,3,27.091887,37.92192,0.9784106612205505,0.15162557699173265,1.029749535378121,32.7388747221491,0.17679860877743508,1.0175835652805303,-0.004702331356859361,0.472631252786691
45,чужие хапаксы,4,26.219172,37.82963,0.9982807040214539,0.04389712746035608,1.059349352086307,31.76044309595488,0.17013349979320394,1.003560603292201,0.07084124141609387,0.4923183389262443
45,перемешивание,5,26.193436,37.904797,0.9979075193405151,0.0400169776076649,1.0977557887045017,31.063193162575434,0.18514813330999785,1.0329033911436063,0.28691341965595535,0.6961058356628158
46,исходный,4,26.74748,37.70959,0.9954761266708374,0.14631297070824317,1.0095576229801277,33.11321909502049,0.1846134995578799,1.1751174762916812,-0.03296567393503419,0.5064735428695041
46,чужие хапаксы,7,26.440168,37.601063,0.9993636608123779,0.08321967199374249,1.0928778529138385,31.111607102472988,0.18440576567154812,1.2555491824607117,0.1575143361531705,0.5592826711486699
46,перемешивание,5,26.218792,37.56302,0.9994649291038513,0.03659368289614315,1.0440927830852194,31.79599002351305,0.19184523900849268,1.294309936057214,0.24084663101741222,0.6032542625305007
47,исходный,7,26.817324,38.078617,0.9962695240974426,0.16089310697758086,0.9506480754301768,34.269300841550184,0.14475144330606254,0.9318081847128938,0.005721018613447834,0.47994634960113625
47,чужие хапаксы,6,26.326668,37.607456,0.9999008178710938,0.06442103604574298,1.023768014103957,32.36318798941659,0.14227572400169688,1.050116418147166,0.11523118565858523,0.5178905025593211
47,перемешивание,3,26.233,37.379314,0.9990498423576355,0.06317452364474535,1.0058624289062763,32.265860774950795,0.17195196603155957,1.00948573305164,0.2691169341012663,0.6321770163819295
48,исходный,11,26.440674,37.227196,0.9989926815032959,0.1043827352368983,1.0766254243321038,30.81149564694164,0.16601181289535794,1.1227688875148578,0.0326973699581295,0.47534036075959285
48,чужие хапаксы,7,26.235826,37.13842,0.9992515444755554,0.06610567838551337,1.1347287692407328,29.437296313313382,0.1697779130658369,1.159910675335487,0.15420489901182918,0.5422727036245114
48,перемешивание,7,26.552355,37.048733,0.998604416847229,0.12411864632401391,1.1556553333892534,29.232814655409832,0.20832847883212793,1.2492846720296462,0.3189906016052832,0.6678846758749211
49,исходный,5,26.295074,37.51712,0.9998375773429871,0.06057769060314466,0.945162654235804,33.95373330280868,0.169362277610106,1.1347410256546047,-0.04203118947978745,0.42837294827430916
49,чужие хапаксы,5,26.341537,37.550976,0.9985692501068115,0.09496523319832374,1.018334211814617,32.261837163447915,0.1802111984601823,1.2006665940255206,0.12388333873591968,0.49685547548069237
49,перемешивание,4,26.325626,37.433937,0.9998139142990112,0.05689200685944781,0.9948852988158287,32.74014894969671,0.20135213784935013,1.2686456744520105,0.25203359472550796,0.5967919912436359
